,name,description,type,url
2,AI Benchmark Alpha,AI Benchmark Alpha is a Python library for evaluating artificial intelligence (AI) performance on diverse hardware platforms and relies upon the TensorFlow machine learning library.,System,https://openbenchmarking.org/test/pts/ai-benchmark
3,Aircrack-ng,Aircrack-ng is a tool for assessing WiFi/WLAN network security.,Processor,https://openbenchmarking.org/test/pts/aircrack-ng
4,Algebraic Multi-Grid Benchmark,AMG is a parallel algebraic multigrid solver for linear systems arising from problems on unstructured grids,Processor,https://openbenchmarking.org/test/pts/amg
5,AOBench,AOBench is a lightweight ambient occlusion renderer written in C,Processor,https://openbenchmarking.org/test/pts/aobench
6,AOM AV1,This is a test of the AOMedia AV1 encoder (libaom) run on the CPU with a sample 1080p video file.,Processor,https://openbenchmarking.org/test/pts/aom-av1
7,Apache HTTP Server,This is a test of the Apache HTTPD web server,System,https://openbenchmarking.org/test/pts/apache
8,Apache Benchmark,This is a test of ab which is the Apache benchmark program using the system's supplied Apache web server.,,https://openbenchmarking.org/test/system/apache
9,Apache Siege,This is a test of the Apache web server performance being facilitated by the Siege web serverb enchmark program.,System,https://openbenchmarking.org/test/pts/apache-siege
10,Appleseed,Appleseed is an open-source production renderer focused on physically-based global illumination rendering engine primarily designed for animation and visual effects.,System,https://openbenchmarking.org/test/pts/appleseed
11,AppTimer,AppTimer allows timing the automated start-up of various programs running on Microsoft Windows.,System,https://openbenchmarking.org/test/windows/apptimer
12,ArrayFire,ArrayFire is an GPU and CPU numeric processing library this test uses the built-in CPU and OpenCL ArrayFire benchmarks.,Processor,https://openbenchmarking.org/test/pts/arrayfire
13,Ashes of the Singulairty: Escalation,This is a benchmark of Ashes of the Singulairty: Escalation running under Steam Play (Proton) on Linux,Graphics,https://openbenchmarking.org/test/pts/ashes-escalation
14,ASKAP tConvolveCuda,This is a CUDA benchmark of ATNF's ASKAP Benchmark with currently using the tConvolveCuda sub-test.,Graphics,https://openbenchmarking.org/test/pts/askap
15,asmFish,This is a test of asmFish an advanced chess benchmark written in Assembly.,Processor,https://openbenchmarking.org/test/pts/asmfish
16,ASTC Encoder,ASTC Encoder (astcenc) is for the Adaptive Scalable Texture Compression (ASTC) format commonly used with OpenGL OpenGL ES and Vulkan graphics APIs,System,https://openbenchmarking.org/test/pts/astcenc
17,libavif avifenc,This is a test of the AOMedia libavif library testing the encoding of a JPEG image to AV1 Image Format (AVIF).,Processor,https://openbenchmarking.org/test/pts/avifenc
18,Basemark GPU,This is a benchmark of Basemark GPU,System,https://openbenchmarking.org/test/pts/basemark
19,Basis Universal,Basis Universal is a GPU texture codoec,System,https://openbenchmarking.org/test/pts/basis
20,Batman: Arkham Knight,This is a benchmark of >Batman: Arkham Knight running under Steam Play (Proton) on Linux,Graphics,https://openbenchmarking.org/test/pts/batman-knight
21,Batman: Arkham Origins,This is a benchmark of >Batman: Arkham Origins running under Steam Play (Proton) on Linux,Graphics,https://openbenchmarking.org/test/pts/batman-origins
22,Betsy GPU Compressor,Betsy is an open-source GPU compressor of various GPU compression techniques,Graphics,https://openbenchmarking.org/test/pts/betsy
23,BioShock Infinite,A Steam-based test of the BioShock Infinite game.,Graphics,https://openbenchmarking.org/test/pts/bioshock-infinite
24,BLAKE2,This is a benchmark of BLAKE2 using the blake2s binary,Processor,https://openbenchmarking.org/test/pts/blake2
25,Blender,Blender is an open-source 3D creation software project,System,https://openbenchmarking.org/test/pts/blender
26,Blender,Blender is an open-source 3D creation software project,System,https://openbenchmarking.org/test/system/blender
27,BlogBench,BlogBench is designed to replicate the load of a real-world busy file server by stressing the file-system with multiple threads of random reads writes and rewrites,Disk,https://openbenchmarking.org/test/pts/blogbench
28,BlogBench,BlogBench is designed to replicate the load of a real-world busy file server by stressing the file-system with multiple threads of random reads writes and rewrites,Disk,https://openbenchmarking.org/test/system/blogbench
29,C-Blosc,A simple compressed fast and persistent data store library for C.,Processor,https://openbenchmarking.org/test/pts/blosc
30,Bork File Encrypter,Bork is a small cross-platform file encryption utility,Processor,https://openbenchmarking.org/test/pts/bork
31,Botan,Botan is a cross-platform open-source C++ crypto library that supports most all publicly known cryptographic algorithms.,Processor,https://openbenchmarking.org/test/pts/botan
32,BRL-CAD,BRL-CAD is a cross-platform open-source solid modeling system with built-in benchmark mode.,System,https://openbenchmarking.org/test/pts/brl-cad
33,Timed Apache Compilation,This test times how long it takes to build the Apache HTTPD web server.,Processor,https://openbenchmarking.org/test/pts/build-apache
34,Timed Clash Compilation,Build the clash-lang Haskell to VHDL/Verilog/SystemVerilog compiler with GHC 8.10.1,Processor,https://openbenchmarking.org/test/pts/build-clash
35,Timed Eigen Compilation,This test times how long it takes to build all Eigen examples,Processor,https://openbenchmarking.org/test/pts/build-eigen
36,Timed Erlang/OTP Compilation,This test times how long it takes to compile Erlang/OTP,Processor,https://openbenchmarking.org/test/pts/build-erlang
37,Timed FFmpeg Compilation,This test times how long it takes to build the FFmpeg multimedia library.,Processor,https://openbenchmarking.org/test/pts/build-ffmpeg
38,Timed GCC Compilation,This test times how long it takes to build the GNU Compiler Collection (GCC).,Processor,https://openbenchmarking.org/test/pts/build-gcc
39,Timed GDB GNU Debugger Compilation,This test times how long it takes to build the GNU Debugger (GDB) in a default configuration.,Processor,https://openbenchmarking.org/test/pts/build-gdb
40,Timed Godot Game Engine Compilation,This test times how long it takes to compile the Godot Game Engine,Processor,https://openbenchmarking.org/test/pts/build-godot
41,Timed ImageMagick Compilation,This test times how long it takes to build ImageMagick.,Processor,https://openbenchmarking.org/test/pts/build-imagemagick
42,Timed Linux Kernel Compilation,This test times how long it takes to build the Linux kernel.,Processor,https://openbenchmarking.org/test/pts/build-linux-kernel
43,Timed LLVM Compilation,This test times how long it takes to build the LLVM compiler.,Processor,https://openbenchmarking.org/test/pts/build-llvm
44,Timed Mesa Compilation,This test profile times how long it takes to compile Mesa with Meson/Ninja,Processor,https://openbenchmarking.org/test/pts/build-mesa
45,Timed MPlayer Compilation,This test times how long it takes to build the MPlayer open-source media player program.,Processor,https://openbenchmarking.org/test/pts/build-mplayer
46,Timed Node.js Compilation,This test profile times how long it takes to build/compile Node.js itself from source,Processor,https://openbenchmarking.org/test/pts/build-nodejs
47,Timed PHP Compilation,This test times how long it takes to build PHP 7.,Processor,https://openbenchmarking.org/test/pts/build-php
48,Timed Wasmer Compilation,This test times how long it takes to compile Wasmer,Processor,https://openbenchmarking.org/test/pts/build-wasmer
49,Build2,This test profile measures the time to bootstrap/install the build2 C++ build toolchain from source,Processor,https://openbenchmarking.org/test/pts/build2
50,Bullet Physics Engine,This is a benchmark of the Bullet Physics Engine.,Processor,https://openbenchmarking.org/test/pts/bullet
51,BYTE Unix Benchmark,This is a test of BYTE.,Processor,https://openbenchmarking.org/test/pts/byte
52,C-Ray,This is a test of C-Ray a simple raytracer designed to test the floating-point CPU performance,Processor,https://openbenchmarking.org/test/pts/c-ray
53,CacheBench,This is a performance test of CacheBench which is part of LLCbench,Processor,https://openbenchmarking.org/test/pts/cachebench
54,Caffe AlexNet,This is a benchmark of the Caffe deep learning framework and currently uses the AlexNet model.,System,https://openbenchmarking.org/test/pts/caffe
55,Apache Cassandra,This is a benchmark of the Apache Cassandra NoSQL database management system making use of cassandra-stress.,System,https://openbenchmarking.org/test/pts/cassandra
56,Chia Blockchain VDF,Chia is a blockchain and smart transaction platform based on proofs of space and time rather than proofs of work with other cryptocurrencies,Processor,https://openbenchmarking.org/test/pts/chia-vdf
57,Maxon Cinebench,This is a test profile to run MAXON Cinebench on Windows.,System,https://openbenchmarking.org/test/pts/cinebench
58,Civilization VI,This is a benchmark of the Civilization VI game,Graphics,https://openbenchmarking.org/test/pts/civilization-vi
59,cl-mem,A basic OpenCL memory benchmark.,Graphics,https://openbenchmarking.org/test/pts/cl-mem
60,CLOMP,CLOMP is the C version of the Livermore OpenMP benchmark developed to measure OpenMP overheads and other performance impacts due to threading in order to influence future system designs,Processor,https://openbenchmarking.org/test/pts/clomp
61,CloudSuite Data Analytics,CloudSuite Data Analytics is a Docker-based benchmark and runs a Naive Bayes classifier on a Wikimedia dataset with Hadoop and Mahout.,System,https://openbenchmarking.org/test/pts/cloudsuite-da
62,CloudSuite Graph Analytics,CloudSuite Graph Analytics uses Apache GraphX + Spark to perform graph analytics (PageRank) on sample Twitter data.,System,https://openbenchmarking.org/test/pts/cloudsuite-ga
63,CloudSuite In-Memory Analytics,CloudSuite In-Memory Analytics uses Apache Spark and runs a collaborative filtering algorithm in-memory on a dataset of user-movie ratings from Movielens.,System,https://openbenchmarking.org/test/pts/cloudsuite-ma
64,CloudSuite Media Streaming,CloudSuite Media Streaming uses the Nginx web server for hosted videos of varying lengths/qualities.,System,https://openbenchmarking.org/test/pts/cloudsuite-ms
65,CloudSuite Web Serving,CloudSuite Web Serving is a Docker-based web server benchmark making use of a web server with Memcached and a MySQL database server.,System,https://openbenchmarking.org/test/pts/cloudsuite-ws
66,CloverLeaf,CloverLeaf is a Lagrangian-Eulerian hydrodynamics benchmark,Processor,https://openbenchmarking.org/test/pts/cloverleaf
67,clpeak,Clpeak is designed to test the peak capabilities of OpenCL devices.,System,https://openbenchmarking.org/test/pts/clpeak
68,clpeak,Clpeak is designed to test the peak capabilities of OpenCL devices.,System,https://openbenchmarking.org/test/system/clpeak
69,Company of Heroes 2,This is a benchmark of Company of Heroes on Steam,Graphics,https://openbenchmarking.org/test/pts/coh2
70,CoMD OpenCL,CoMD benchmark in OpenCL via GPUOpen.,System,https://openbenchmarking.org/test/pts/comd-cl
71,Compile Bench,Compilebench tries to age a filesystem by simulating some of the disk IO common in creating compiling patching stating and reading kernel trees,Disk,https://openbenchmarking.org/test/pts/compilebench
72,7-Zip Compression,This is a test of 7-Zip using p7zip with its integrated benchmark feature.,Processor,https://openbenchmarking.org/test/pts/compress-7zip
73,Gzip Compression,This test measures the time needed to compress a file using Gzip compression.,Processor,https://openbenchmarking.org/test/pts/compress-gzip
74,LZ4 Compression,This test measures the time needed to compress/decompress a sample file (an Ubuntu ISO) using LZ4 compression.,Processor,https://openbenchmarking.org/test/pts/compress-lz4
75,LZMA Compression,,,https://openbenchmarking.org/test/system/compress-lzma
76,Parallel BZIP2 Compression,This test measures the time needed to compress a file using BZIP2 compression.,Processor,https://openbenchmarking.org/test/pts/compress-pbzip2
77,PBZIP2 Compression,,,https://openbenchmarking.org/test/system/compress-pbzip2
78,RAR Compression,This test measures the time needed to archive/compress two copies of the Linux 4.13 kernel source tree using RAR/WinRAR compression.,System,https://openbenchmarking.org/test/pts/compress-rar
79,XZ Compression,This test measures the time needed to compress a sample file (an Ubuntu file-system image) using XZ compression.,Processor,https://openbenchmarking.org/test/pts/compress-xz
80,Zstd Compression,This test measures the time needed to compress/decompress a sample file (a FreeBSD disk image - FreeBSD-12.2-RELEASE-amd64-memstick.img) using Zstd compression with options for different compression levels / settings.,Processor,https://openbenchmarking.org/test/pts/compress-zstd
81,Zstd Compression,This test measures the time needed to compress a sample file (an Ubuntu file-system image) using Zstd compression supplied by the system or otherwise externally of the test profile.,Processor,https://openbenchmarking.org/test/system/compress-zstd
82,Core-Latency,This is a test of core-latency which measures the latency between all core combinations on the system processor(s),Processor,https://openbenchmarking.org/test/pts/core-latency
83,Coremark,This is a test of EEMBC CoreMark processor benchmark.,Processor,https://openbenchmarking.org/test/pts/coremark
84,Apache CouchDB,This is a bulk insertion benchmark of Apache CouchDB,System,https://openbenchmarking.org/test/pts/couchdb
85,CP2K Molecular Dynamics,CP2K is an open-source molecular dynamics software package focused on quantum chemistry and solid-state physics,Processor,https://openbenchmarking.org/test/pts/cp2k
86,CppPerformanceBenchmarks,CppPerformanceBenchmarks is a set of C++ compiler performance benchmarks.,System,https://openbenchmarking.org/test/pts/cpp-perf-bench
87,Cpuminer-Opt,Cpuminer-Opt is a fork of cpuminer-multi that carries a wide range of CPU performance optimizations for measuring the potential cryptocurrency mining performance of the CPU/processor with a wide variety of cryptocurrencies,Processor,https://openbenchmarking.org/test/pts/cpuminer-opt
88,Crafty,This is a performance test of Crafty an advanced open-source chess engine.,Processor,https://openbenchmarking.org/test/pts/crafty
89,Crypto++,Crypto++ is a C++ class library of cryptographic algorithms.,Processor,https://openbenchmarking.org/test/pts/cryptopp
90,Cryptsetup,This is a test profile for running the cryptsetup benchmark to report on the system's cryptography performance.,System,https://openbenchmarking.org/test/system/cryptsetup
91,Counter-Strike: Global Offensive,This is a benchmark of Valve's Counter-Strike: Global Offensive game,Graphics,https://openbenchmarking.org/test/pts/csgo
92,Counter-Strike Source,This is a benchmark of Valve's Counter-Strike: Source game,Graphics,https://openbenchmarking.org/test/pts/cstrike
93,ctx_clock,Ctx_clock is a simple test program to measure the context switch time in clock cycles.,System,https://openbenchmarking.org/test/pts/ctx-clock
94,CUDA Mini-Nbody,The CUDA version of Harrism's mini-nbody tests.,Graphics,https://openbenchmarking.org/test/pts/cuda-mini-nbody
95,Cyclictest,Cyclictest is a high-resolution test program for measuring the Linux kernel latencies.,System,https://openbenchmarking.org/test/pts/cyclictest
96,Cython benchmark,Stress benchmark tests to measure  time consumed by cython code,Processor,https://openbenchmarking.org/test/pts/cython-bench
97,DaCapo Benchmark,This test runs the DaCapo Benchmarks written in Java and intended to test system/CPU performance.,Processor,https://openbenchmarking.org/test/pts/dacapobench
98,Darmstadt Automotive Parallel Heterogeneous Suite,DAPHNE is the Darmstadt Automotive Parallel HeterogeNEous Benchmark Suite with OpenCL / CUDA / OpenMP test cases for these automotive benchmarks for evaluating programming models in context to vehicle autonomous driving capabilities.,System,https://openbenchmarking.org/test/pts/daphne
99,Darktable,Darktable is an open-source photography / workflow application.,System,https://openbenchmarking.org/test/system/darktable
100,dav1d,Dav1d is an open-source speedy AV1 video decoder,Processor,https://openbenchmarking.org/test/pts/dav1d
101,Dbench,Dbench is a benchmark designed by the Samba project as a free alternative to netbench but dbench contains only file-system calls for testing the disk performance.,Disk,https://openbenchmarking.org/test/system/dbench
102,DDraceNetwork,This is a test of DDraceNetwork an open-source cooperative platformer,Graphics,https://openbenchmarking.org/test/pts/ddnet
103,DeepSpeech,Mozilla DeepSpeech is a speech-to-text engine powered by TensorFlow for machine learning and derived from Baidu's Deep Speech research paper,Processor,https://openbenchmarking.org/test/pts/deepspeech
104,Deus Ex: Mankind Divided,This is a benchmark of Deus Ex: Mankind Divided on Steam,Graphics,https://openbenchmarking.org/test/pts/deus-exmd
105,DiRT Rally,This is a benchmark of DiRT Rally on Steam,Graphics,https://openbenchmarking.org/test/pts/dirt-rally
106,DiRT Rally 2.0,This is a benchmark of DiRT Rally 2.0 running under Steam Play (Proton) on Linux,Graphics,https://openbenchmarking.org/test/pts/dirt-rally2
107,DiRT Showdown,This is a benchmark of DiRT Showdown on Steam,Graphics,https://openbenchmarking.org/test/pts/dirt-showdown
108,Diskspd,Diskspd is an open-source storage testing software developed by Microsoft that succeeds the SQLIO benchmark.,Disk,https://openbenchmarking.org/test/windows/diskspd
109,Dolfyn,Dolfyn is a Computational Fluid Dynamics (CFD) code of modern numerical simulation techniques,Processor,https://openbenchmarking.org/test/pts/dolfyn
110,Dota 2,This is a benchmark of Valve's Dota 2 game,Graphics,https://openbenchmarking.org/test/pts/dota2
111,Dawn of War III,Dawn of War III Mad Max on Steam,Graphics,https://openbenchmarking.org/test/pts/dow3
112,Google Draco,Draco is a library developed by Google for compressing/decompressing 3D geometric meshes and point clouds,System,https://openbenchmarking.org/test/pts/draco
113,ebizzy,This is a test of ebizzy a program to generate workloads resembling web server workloads.,Processor,https://openbenchmarking.org/test/pts/ebizzy
114,ECP-CANDLE,The CANDLE benchmark codes implement deep learning architectures relevant to problems in cancer,System,https://openbenchmarking.org/test/pts/ecp-candle
115,Embree,Intel Embree is a collection of high-performance ray-tracing kernels for execution on CPUs.,Processor,https://openbenchmarking.org/test/pts/embree
116,FLAC Audio Encoding,This test times how long it takes to encode a sample WAV file to FLAC format.,,https://openbenchmarking.org/test/pts/encode-flac
117,LAME MP3 Encoding,LAME is an MP3 encoder licensed under the LGPL,,https://openbenchmarking.org/test/pts/encode-mp3
118,eSpeak-NG Speech Engine,This test times how long it takes the eSpeak speech synthesizer to read Project Gutenberg's The Outline of Science and output to a WAV file,Processor,https://openbenchmarking.org/test/pts/espeak
119,Enemy Territory,Wolfenstein: Enemy Territory is a World War II era first person shooter that was released for free by Splash Damage using the id Tech 3 engine.,Graphics,https://openbenchmarking.org/test/pts/et
120,Etcpak,"Etcpack is the self-proclaimed ""fastest ETC compressor on the planet"" with focused on providing open-source very fast ETC and S3 texture compression support.",Processor,https://openbenchmarking.org/test/pts/etcpak
121,Ethereum Ethminer,This is a benchmark of the Ethereum Ethminer.,System,https://openbenchmarking.org/test/system/ethminer
122,Ethr,Ethr is a cross-platform Golang-written network performance measurement tool developed by Microsoft that is capable of testing multiple protocols and different measurements.,Network,https://openbenchmarking.org/test/pts/ethr
123,ET: Legacy,ETLegacy is an open-source engine evolution of Wolfenstein: Enemy Territory a World War II era first person shooter that was released for free by Splash Damage using the id Tech 3 engine.,Graphics,https://openbenchmarking.org/test/pts/etlegacy
124,ET: Quake Wars,This test calculates the average frame-rate within the Enemy Territory: Quake Wars game from id Software / Splash Damage.,Graphics,https://openbenchmarking.org/test/pts/etqw
125,ET: Quake Wars Demo,This test calculates the average frame-rate within the demo for the game Enemy Territory: Quake Wars demo game.,Graphics,https://openbenchmarking.org/test/pts/etqw-demo
126,ET: Quake Wars Image Quality,,System,https://openbenchmarking.org/test/pts/etqw-demo-iqc
127,ETXreaL,ETXreaL is a new engine that's paired with the original id Software Enemy Territory game assets,Graphics,https://openbenchmarking.org/test/pts/etxreal
128,Euler3D,The STARS Euler3d CFD benchmark is using an AGARD 445.6 aeroelastic test wing for this computational fluid dynamics test.,System,https://openbenchmarking.org/test/windows/euler3d
129,F1 2015,This is a benchmark of F1 2015 via Steam,Graphics,https://openbenchmarking.org/test/pts/f12015
130,F1 2017,F1 2017 on Steam,Graphics,https://openbenchmarking.org/test/pts/f12017
131,F1 2018,This is a benchmark of F1 2018 running under Steam Play (Proton) on Linux,Graphics,https://openbenchmarking.org/test/pts/f12018
132,F1 2020,This is a benchmark of F1 2020 running under Steam Play (Proton) on Linux,Graphics,https://openbenchmarking.org/test/pts/f12020
133,FAHBench,FAHBench is a Folding@Home benchmark on the GPU.,System,https://openbenchmarking.org/test/pts/fahbench
134,FFmpeg,This test uses FFmpeg for testing the system's audio/video encoding performance.,Processor,https://openbenchmarking.org/test/pts/ffmpeg
135,FFTE,FFTE is a package by Daisuke Takahashi to compute Discrete Fourier Transforms of 1- 2- and 3- dimensional sequences of length (2^p)*(3^q)*(5^r).,Processor,https://openbenchmarking.org/test/pts/ffte
136,FFTW,FFTW is a C subroutine library for computing the discrete Fourier transform (DFT) in one or more dimensions.,Processor,https://openbenchmarking.org/test/pts/fftw
137,Fhourstones,This integer benchmark solves positions in the game of connect-4 as played on a vertical 7x6 board,Processor,https://openbenchmarking.org/test/pts/fhourstones
138,FinanceBench,FinanceBench is a collection of financial program benchmarks with support for benchmarking on the GPU.,Graphics,https://openbenchmarking.org/test/pts/financebench
139,Flexible IO Tester,FIO the Flexible I/O Tester is an advanced Linux disk benchmark supporting multiple I/O engines and a wealth of options,Disk,https://openbenchmarking.org/test/pts/fio
140,Flexible IO Tester,Fio is an advanced disk benchmark that depends upon the kernel's AIO access library.,Disk,https://openbenchmarking.org/test/system/fio
141,FS-Mark,FS_Mark is designed to test a system's file-system performance.,Disk,https://openbenchmarking.org/test/pts/fs-mark
142,Geekbench,This is a benchmark of Geekbench 5 Pro,System,https://openbenchmarking.org/test/pts/geekbench
143,GeeXLab,GeeXLab is a cross-platform tool for 3D programming and demo creation.,Graphics,https://openbenchmarking.org/test/pts/geexlab
144,GeeXLab Vulkan Ray-Tracing Demo,GeeXLab is a cross-platform tool for 3D programming and demo creation,Graphics,https://openbenchmarking.org/test/pts/geexlab-rt
145,GEGL,GEGL is the Generic Graphics Library and is the library/framework used by GIMP and other applications like GNOME Photos,System,https://openbenchmarking.org/test/system/gegl
146,GFXBench,This is a benchmark of GFXBench.,Graphics,https://openbenchmarking.org/test/pts/gfxbench
147,GIMP,GIMP is an open-source image manipulaton program,System,https://openbenchmarking.org/test/system/gimp
148,Git,This test measures the time needed to carry out some sample Git operations on an example static repository that happens to be a copy of the GNOME GTK tool-kit repository.,System,https://openbenchmarking.org/test/pts/git
149,GL-vs-VK,GL_vs_VK is a comparison of OpenGL and Vulkan APIs in simple performance micro-benchmarks.,Graphics,https://openbenchmarking.org/test/pts/gl-vs-vk
150,glibc bench, The GNU C Library project provides the core libraries for the GNU system and GNU/Linux systems as well as many other systems that use Linux as the kernel,Processor,https://openbenchmarking.org/test/pts/glibc-bench
151,GLmark2,This is a test of Linaro's glmark2 port currently using the X11 OpenGL 2.0 target,Graphics,https://openbenchmarking.org/test/pts/glmark2
152,GLmark2,This is a test of any system-installed GLMark2 OpenGL benchmark.,Graphics,https://openbenchmarking.org/test/system/glmark2
153,G'MIC,G'MIC is an open-source framework for image processing.,System,https://openbenchmarking.org/test/system/gmic
154,GNU GMP GMPbench,GMPbench is a test of the GNU Multiple Precision Arithmetic (GMP) Library,Processor,https://openbenchmarking.org/test/pts/gmpbench
155,GnuPG,This test times how long it takes to encrypt a sample file using GnuPG.,Processor,https://openbenchmarking.org/test/pts/gnupg
156,GnuPG,This test times how long it takes to encrypt a file using GnuPG.,Processor,https://openbenchmarking.org/test/system/gnupg
157,GNU Radio,GNU Radio is a free software development toolkit providing signal processing blocks to implement software-defined radios (SDR) and signal processing systems.,Processor,https://openbenchmarking.org/test/system/gnuradio
158,Go Benchmarks,Benchmark for monitoring real time performance of the Go implementation for HTTP JSON and garbage testing per iteration.,Processor,https://openbenchmarking.org/test/pts/go-benchmark
159,GPAW,GPAW is a density-functional theory (DFT) Python code based on the projector-augmented wave (PAW) method and the atomic simulation environment (ASE).,System,https://openbenchmarking.org/test/pts/gpaw
160,GpuTest,GpuTest is a cross-platform OpenGL benchmark developed at Geeks3D.com that offers tech demos such as FurMark TessMark and other workloads to stress various areas of GPUs and drivers.,Graphics,https://openbenchmarking.org/test/pts/gputest
161,GraphicsMagick,This is a test of GraphicsMagick with its OpenMP implementation that performs various imaging tests to stress the system's CPU.,Processor,https://openbenchmarking.org/test/pts/graphics-magick
162,GravityMark,GravityMark is a cross-API cross-platform GPU accelerated benchmark developed by Tellusim,Graphics,https://openbenchmarking.org/test/pts/gravitymark
163,GROMACS,The Gromacs molecular dynamics package testing on the CPU with the water_GMX50 data.,System,https://openbenchmarking.org/test/pts/gromacs
164,Hackbench,This is a benchmark of Hackbench a test of the Linux kernel scheduler.,Processor,https://openbenchmarking.org/test/pts/hackbench
165,HammerDB - MariaDB,This is a MariaDB MySQL database server benchmark making use of the HammerDB benchmarking / load testing tool.,System,https://openbenchmarking.org/test/pts/hammerdb-mariadb
166,HammerDB - PostgreSQL,This is a benchmark of the PostgreSQL database server making use of the HammerDB benchmarking / load testing tool.,System,https://openbenchmarking.org/test/pts/hammerdb-postgresql
167,Hashcat,Hashcat is an open-source advanced password recovery tool supporting GPU acceleration with OpenCL NVIDIA CUDA and Radeon ROCm.,Graphics,https://openbenchmarking.org/test/pts/hashcat
168,Apache HBase,This is a benchmark of the Apache HBase non-relational distributed database system inspired from Google's Bigtable.,System,https://openbenchmarking.org/test/pts/hbase
169,hdparm Timed Disk Reads,The hdparm utility is used for simple benchmarking the system's hard drive.,Disk,https://openbenchmarking.org/test/pts/hdparm-read
170,HD Tune Pro,This is a benchmark of HD Tune Pro a Windows storage benchmark,Disk,https://openbenchmarking.org/test/windows/hdtunepro
171,Helsing,Helsing is an open-source POSIX vampire number generator,Processor,https://openbenchmarking.org/test/pts/helsing
172,Himeno Benchmark,The Himeno benchmark is a linear solver of pressure Poisson using a point-Jacobi method.,Processor,https://openbenchmarking.org/test/pts/himeno
173,Hierarchical INTegration,This test runs the U.S,System,https://openbenchmarking.org/test/pts/hint
174,HITMAN,This is a benchmark of HITMAN on Steam,Graphics,https://openbenchmarking.org/test/pts/hitman
175,HITMAN 2,This is a benchmark of HITMAN 2 on Steam running on Linux under Steam Play,Graphics,https://openbenchmarking.org/test/pts/hitman2
176,Half-Life 2 - Lost Coast,This is a benchmark of Valve's Half-Life 2: Lost Coast game,Graphics,https://openbenchmarking.org/test/pts/hl2lostcoast
177,Timed HMMer Search,This test searches through the Pfam database of profile hidden markov models,Processor,https://openbenchmarking.org/test/pts/hmmer
178,HPC Challenge,HPC Challenge (HPCC) is a cluster-focused benchmark consisting of the HPL Linpack TPP benchmark DGEMM STREAm PTRANS RandomAccess FFT and communication bandwidth and latency,Processor,https://openbenchmarking.org/test/pts/hpcc
179,High Performance Conjugate Gradient,HPCG is the High Performance Conjugate Gradient and is a new scientific benchmark from Sandia National Lans focused for super-computer testing with modern real-world workloads compared to HPCC.,Processor,https://openbenchmarking.org/test/pts/hpcg
180,HPL Linpack,HPL is a well known portable Linpack implementation for distributed memory systems,Processor,https://openbenchmarking.org/test/pts/hpl
181,Hugin,Hugin is an open-source cross-platform panorama photo stitcher software package,System,https://openbenchmarking.org/test/system/hugin
182,Timed Idle,This test will just idle the system for the specified amount of time,System,https://openbenchmarking.org/test/pts/idle
183,Idle Power Usage,,System,https://openbenchmarking.org/test/pts/idle-power-usage
184,Xcompact3d Incompact3d,Xcompact3d Incompact3d is a Fortran-MPI based finite difference high-performance code for solving the incompressible Navier-Stokes equation and as many as you need scalar transport equations.,Processor,https://openbenchmarking.org/test/pts/incompact3d
185,IndigoBench,This is a test of Indigo Renderer's IndigoBench benchmark.,Graphics,https://openbenchmarking.org/test/pts/indigobench
186,InfluxDB,This is a benchmark of the InfluxDB open-source time-series database optimized for fast high-availability storage for IoT and other use-cases,System,https://openbenchmarking.org/test/pts/influxdb
187,Inkscape,Inkscape is an open-source vector graphics editor,System,https://openbenchmarking.org/test/system/inkscape
188,Insurgency,This is a benchmark of the Source Engine Insurgency game,Graphics,https://openbenchmarking.org/test/pts/insurgency
189,Intel Memory Latency Checker,Intel Memory Latency Checker (MLC) is a binary-only system memory bandwidth and latency benchmark.,Memory,https://openbenchmarking.org/test/pts/intel-mlc
190,Intel MPI Benchmarks,Intel MPI Benchmarks for stressing MPI implementations,System,https://openbenchmarking.org/test/pts/intel-mpi
191,Interbench,Interbench is an interactivity benchmark written by Con Kolivas,System,https://openbenchmarking.org/test/pts/interbench
192,IOR,IOR is a parallel I/O storage benchmark.,Disk,https://openbenchmarking.org/test/pts/ior
193,IOzone,The IOzone benchmark tests the hard disk drive / file-system performance.,Disk,https://openbenchmarking.org/test/system/iozone
194,IPC_benchmark,IPC_benchmark is a Linux inter-process communication benchmark.,Processor,https://openbenchmarking.org/test/pts/ipc-benchmark
195,iPerf,iPerf is a network bandwidth throughput testing software,Network,https://openbenchmarking.org/test/pts/iperf
196,Java 2D Microbenchmark,This test runs a series of microbenchmarks to check the performance of the OpenGL-based Java 2D pipeline and the underlying OpenGL drivers.,Graphics,https://openbenchmarking.org/test/pts/j2dbench
197,Java Gradle Build,This test runs Java software project builds using the Gradle build system,Processor,https://openbenchmarking.org/test/pts/java-gradle-perf
198,Java JMH,This test runs the stock benchmark of the Java JMH benchmark via Maven.,System,https://openbenchmarking.org/test/pts/java-jmh
199,Java SciMark,This test runs the Java version of SciMark 2.0 which is a benchmark for scientific and numerical computing developed by programmers at the National Institute of Standards and Technology,Processor,https://openbenchmarking.org/test/pts/java-scimark2
200,Java Graphics Basic Acceptance Test,This test runs a series of automated performance/quality sub-tests that exercise the OpenGL-based Java 2D pipeline in order to verify the quality of OpenGL drivers.,Processor,https://openbenchmarking.org/test/pts/jgfxbat
201,John The Ripper,This is a benchmark of John The Ripper which is a password cracker.,Processor,https://openbenchmarking.org/test/pts/john-the-ripper
202,JPEG XL libjxl,The JPEG XL Image Coding System is designed to provide next-generation JPEG image capabilities with JPEG XL offering better image quality and compression over legacy JPEG,Processor,https://openbenchmarking.org/test/pts/jpegxl
203,JPEG XL Decoding libjxl,The JPEG XL Image Coding System is designed to provide next-generation JPEG image capabilities with JPEG XL offering better image quality and compression over legacy JPEG,Processor,https://openbenchmarking.org/test/pts/jpegxl-decode
204,JuliaGPU,JuliaGPU is an OpenCL benchmark,System,https://openbenchmarking.org/test/pts/juliagpu
205,JXRenderMark,JXRenderMark is an open-source benchmark of the X Render extension for X.Org,Graphics,https://openbenchmarking.org/test/pts/jxrendermark
206,KeyDB,A benchmark of KeyDB as a multi-threaded fork of the Redis server,System,https://openbenchmarking.org/test/pts/keydb
207,Kripke,Kripke is a simple scalable 3D Sn deterministic particle transport code,System,https://openbenchmarking.org/test/pts/kripke
208,Kvazaar,This is a test of Kvazaar as a CPU-based H.265 video encoder written in the C programming language and optimized in Assembly,Processor,https://openbenchmarking.org/test/pts/kvazaar
209,Left 4 Dead 2,This is a benchmark of Valve's Left 4 Dead 2 game,Graphics,https://openbenchmarking.org/test/pts/l4d2
210,LAMMPS Molecular Dynamics Simulator,LAMMPS is a classical molecular dynamics code and an acronym for Large-scale Atomic/Molecular Massively Parallel Simulator.,Processor,https://openbenchmarking.org/test/pts/lammps
211,LeelaChessZero,LeelaChessZero (lc0 / lczero) is a chess engine automated vian neural networks,Processor,https://openbenchmarking.org/test/pts/lczero
212,LevelDB,LevelDB is a key-value storage library developed by Google that supports making use of Snappy for data compression and has other modern features.,System,https://openbenchmarking.org/test/pts/leveldb
213,libgav1,Libgav1 is an AV1 decoder developed by Google for AV1 profile 0/1 compliance.,Processor,https://openbenchmarking.org/test/pts/libgav1
214,Libplacebo,Libplacebo is a multimedia rendering library based on the core rendering code of the MPV player,Graphics,https://openbenchmarking.org/test/pts/libplacebo
215,LibRaw,LibRaw is a RAW image decoder for digital camera photos,Processor,https://openbenchmarking.org/test/pts/libraw
216,LibreOffice,Various benchmarking operations with the LibreOffice open-source office suite.,System,https://openbenchmarking.org/test/system/libreoffice
217,Liquid-DSP,LiquidSDR's Liquid-DSP is a software-defined radio (SDR) digital signal processing library,Processor,https://openbenchmarking.org/test/pts/liquid-dsp
218,LuaJIT,This test profile is a collection of Lua scripts/benchmarks run against a locally-built copy of LuaJIT upstream.,Processor,https://openbenchmarking.org/test/pts/luajit
219,LuaRadio,LuaRadio is a lightweight software-defined radio (SDR) framework built atop LuaJIT,Processor,https://openbenchmarking.org/test/pts/luaradio
220,LULESH,LULESH is the Livermore Unstructured Lagrangian Explicit Shock Hydrodynamics.,Processor,https://openbenchmarking.org/test/pts/lulesh
221,Lulesh OpenCL,Lulesh OpenCL benchmark: Livermore Unstructured Lagrangian Explicit Shock Hydrodynamics.,System,https://openbenchmarking.org/test/pts/lulesh-cl
222,LuxCoreRender,LuxCoreRender is an open-source physically based renderer,Processor,https://openbenchmarking.org/test/pts/luxcorerender
223,LuxMark,LuxMark is a multi-platform OpenGL benchmark using LuxRender,System,https://openbenchmarking.org/test/pts/luxmark
224,lzbench,lzbench is an in-memory benchmark of various compressors,Processor,https://openbenchmarking.org/test/pts/lzbench
225,m-queens,A solver for the N-queens problem with multi-threading support via the OpenMP library.,Processor,https://openbenchmarking.org/test/pts/m-queens
226,Mad Max,This is a benchmark of Mad Max on Steam,Graphics,https://openbenchmarking.org/test/pts/madmax
227,Timed MAFFT Alignment,This test performs an alignment of 100 pyruvate decarboxylase sequences.,Processor,https://openbenchmarking.org/test/pts/mafft
228,MandelbulbGPU,MandelbulbGPU is an OpenCL benchmark.,System,https://openbenchmarking.org/test/pts/mandelbulbgpu
229,MandelGPU,MandelGPU is an OpenCL benchmark and this test runs with the OpenCL rendering float4 kernel with a maximum of 4096 iterations.,System,https://openbenchmarking.org/test/pts/mandelgpu
230,MBW,This is a basic/simple memory (RAM) bandwidth benchmark for memory copy operations.,Memory,https://openbenchmarking.org/test/pts/mbw
231,Memcached mcperf,This is a test of twmperf/mcperf with memcached.,System,https://openbenchmarking.org/test/pts/mcperf
232,Memtier_benchmark,Memtier_benchmark is a NoSQL Redis/Memcache traffic generation plus benchmarking tool,System,https://openbenchmarking.org/test/pts/memtier-benchmark
233,Mencoder,This test uses mplayer's mencoder utility and the libavcodec family for testing the system's audio/video encoding performance.,Processor,https://openbenchmarking.org/test/pts/mencoder
234,Metro 2033 Redux,A Steam-based test of the Metro 2033 Redux game.,Graphics,https://openbenchmarking.org/test/pts/metro2033-redux
235,Metro: Last Light Redux,A Steam-based test of the Metro: Last Light Redux game.,Graphics,https://openbenchmarking.org/test/pts/metroll-redux
236,miniFE,MiniFE Finite Element is an application for unstructured implicit finite element codes.,Processor,https://openbenchmarking.org/test/pts/minife
237,Minion,Minion is an open-source constraint solver that is designed to be very scalable,Processor,https://openbenchmarking.org/test/pts/minion
238,Mixbench,A benchmark suite for GPUs on mixed operational intensity kernels.,Graphics,https://openbenchmarking.org/test/pts/mixbench
239,oneDNN MKL-DNN,This is a test of the Intel oneDNN (formerly DNNL / Deep Neural Network Library / MKL-DNN) as an Intel-optimized library for Deep Neural Networks and making use of its built-in benchdnn functionality,Processor,https://openbenchmarking.org/test/pts/mkl-dnn
240,Mlpack Benchmark,Mlpack benchmark scripts for machine learning libraries,System,https://openbenchmarking.org/test/pts/mlpack
241,Mobile Neural Network,MNN is the Mobile Neural Network as a highly efficient lightweight deep learning framework developed by ALibaba.,System,https://openbenchmarking.org/test/pts/mnn
242,Monte Carlo Simulations of Ionised Nebulae,Mocassin is the Monte Carlo Simulations of Ionised Nebulae,Processor,https://openbenchmarking.org/test/pts/mocassin
243,Montage Astronomical Image Mosaic Engine,Montage is an open-source astronomical image mosaic engine,Processor,https://openbenchmarking.org/test/pts/montage
244,GNU MPC,GNU MPC is a C library for the arithmetic of complex numbers.,Processor,https://openbenchmarking.org/test/pts/mpcbench
245,MPV,MPV is an open-source cross-platform media player,System,https://openbenchmarking.org/test/system/mpv
246,Timed MrBayes Analysis,This test performs a bayesian analysis of a set of primate genome sequences in order to estimate their phylogeny.,Processor,https://openbenchmarking.org/test/pts/mrbayes
247,ACES DGEMM,This is a multi-threaded DGEMM benchmark.,Processor,https://openbenchmarking.org/test/pts/mt-dgemm
248,Multichase Pointer Chaser,This is a benchmark of Google's multichase pointer chaser program.,Processor,https://openbenchmarking.org/test/pts/multichase
249,BenchmarkMutex,BenchmarkMutex is a mutex benchmark created by Malte Skarupke.,System,https://openbenchmarking.org/test/pts/mutex
250,MariaDB,This is a MariaDB MySQL database server benchmark making use of mysqlslap.,System,https://openbenchmarking.org/test/pts/mysqlslap
251,N-Queens,This is a test of the OpenMP version of a test that solves the N-queens problem,Processor,https://openbenchmarking.org/test/pts/n-queens
252,NAMD,NAMD is a parallel molecular dynamics code designed for high-performance simulation of large biomolecular systems,Processor,https://openbenchmarking.org/test/pts/namd
253,NAMD CUDA,NAMD is a parallel molecular dynamics code designed for high-performance simulation of large biomolecular systems,Processor,https://openbenchmarking.org/test/pts/namd-cuda
254,Natron,Natron is an open-source cross-platform compositing software for visual effects (VFX) and motion graphics.,System,https://openbenchmarking.org/test/pts/natron
255,NCNN,NCNN is a high performance neural network inference framework optimized for mobile and other platforms developed by Tencent.,System,https://openbenchmarking.org/test/pts/ncnn
256,Nebular Empirical Analysis Tool,NEAT is the Nebular Empirical Analysis Tool for empirical analysis of ionised nebulae with uncertainty propagation.,Processor,https://openbenchmarking.org/test/pts/neat
257,NeatBench,NeatBench is a benchmark of the cross-platform Neat Video software.,System,https://openbenchmarking.org/test/pts/neatbench
258,Open FMM Nero2D,This is a test of Nero2D which is a two-dimensional TM/TE solver for Open FMM,Processor,https://openbenchmarking.org/test/pts/nero2d
259,Netperf,Netperf is a network bandwidth testing software,Network,https://openbenchmarking.org/test/pts/netperf
260,Nettle,GNU Nettle is a low-level cryptographic library.,Processor,https://openbenchmarking.org/test/pts/nettle
261,Loopback TCP Network Performance,This test measures the loopback network adapter performance using a micro-benchmark to measure the TCP performance.,Network,https://openbenchmarking.org/test/pts/network-loopback
262,NVIDIA GPU Cloud TensorFlow,This test profile uses the NVIDIA GPU Cloud (NGC/nvcr.io) for running the TensorFlow image inside Docker for benchmarking,Graphics,https://openbenchmarking.org/test/pts/ngc-tensorflow
263,NGINX Benchmark,This is a test of ab which is the Apache Benchmark program running against nginx,System,https://openbenchmarking.org/test/pts/nginx
264,Ngspice,Ngspice is an open-source SPICE circuit simulator,Processor,https://openbenchmarking.org/test/pts/ngspice
265,Node.js Express HTTP Load Test,A Node.js Express server with a Node-based loadtest client for facilitating HTTP benchmarking.,Processor,https://openbenchmarking.org/test/pts/node-express-loadtest
266,Node.js Octane Benchmark,A Node.js version of the JavaScript Octane Benchmark.,Processor,https://openbenchmarking.org/test/pts/node-octane
267,Node.js V8 Web Tooling Benchmark,Running the V8 project's Web-Tooling-Benchmark under Node.js,Processor,https://openbenchmarking.org/test/pts/node-web-tooling
268,Novabench,This is a benchmark of Novabench,System,https://openbenchmarking.org/test/pts/novabench
269,NAS Parallel Benchmarks,NPB NAS Parallel Benchmarks is a benchmark developed by NASA for high-end computer systems,Processor,https://openbenchmarking.org/test/pts/npb
270,Numenta Anomaly Benchmark,Numenta Anomaly Benchmark (NAB) is a benchmark for evaluating algorithms for anomaly detection in streaming real-time applications,System,https://openbenchmarking.org/test/pts/numenta-nab
271,Numpy Benchmark,This is a test to obtain the general Numpy performance.,Processor,https://openbenchmarking.org/test/pts/numpy
272,Nuttcp,Nuttcp is a network performance measurement tool intended for use by network and system managers,Network,https://openbenchmarking.org/test/pts/nuttcp
273,NWChem,NWChem is an open-source high performance computational chemistry package,Processor,https://openbenchmarking.org/test/pts/nwchem
274,OCRMyPDF,OCRMyPDF is an optical character recognition (OCR) text layer to scanned PDF files producing new PDFs with the text now selectable/searchable/copy-paste capable,System,https://openbenchmarking.org/test/system/ocrmypdf
275,OctaneBench,OctaneBench is a test of the OctaneRender on the GPU.,Graphics,https://openbenchmarking.org/test/pts/octanebench
276,GNU Octave Benchmark,This test profile measures how long it takes to complete several reference GNU Octave files via octave-benchmark,System,https://openbenchmarking.org/test/system/octave-benchmark
277,Intel Open Image Denoise,Open Image Denoise is a denoising library for ray-tracing and part of the oneAPI rendering toolkit.,Processor,https://openbenchmarking.org/test/pts/oidn
278,oneAPI Level Zero Tests,This is benchmarking the collection of Intel oneAPI Level Zero Tests.,System,https://openbenchmarking.org/test/pts/oneapi-level-zero
279,oneDNN,This is a test of the Intel oneDNN as an Intel-optimized library for Deep Neural Networks and making use of its built-in benchdnn functionality,Processor,https://openbenchmarking.org/test/pts/onednn
280,ONNX Runtime,ONNX Runtime is developed by Microsoft and partners as a open-source cross-platform high performance machine learning inferencing and training accelerator,System,https://openbenchmarking.org/test/pts/onnx
281,Open Porous Media,This is a test of a DUNE (Distributed and Unified Numerics Environment) module called OPM Benchmarks from the Open Porous Media project,Processor,https://openbenchmarking.org/test/pts/open-porous-media
282,OpenArena,This is a test of OpenArena a popular open-source first-person shooter,Graphics,https://openbenchmarking.org/test/pts/openarena
283,OpenCV,This is a benchmark of the OpenCV (Computer Vision) library's built-in performance tests.,System,https://openbenchmarking.org/test/pts/opencv
284,OpenCV Benchmark,Stress benchmark tests to measure time consumed by the OpenCV libraries installed,Processor,https://openbenchmarking.org/test/pts/opencv-bench
285,OpenDwarfs,OpenDwarfs is a non-commercial OpenCL compute benchmark suite developed at Virginia Tech in cooperation with various organizations.,System,https://openbenchmarking.org/test/pts/opendwarfs
286,OpenFOAM,OpenFOAM is the leading free open source software for computational fluid dynamics (CFD).,Processor,https://openbenchmarking.org/test/pts/openfoam
287,OpenSCAD,OpenSCAD is a programmer-focused solid 3D CAD modeller,System,https://openbenchmarking.org/test/system/openscad
288,OpenSSL,OpenSSL is an open-source toolkit that implements SSL (Secure Sockets Layer) and TLS (Transport Layer Security) protocols,Processor,https://openbenchmarking.org/test/pts/openssl
289,OpenSSL,,,https://openbenchmarking.org/test/system/openssl
290,OpenSSL,OpenSSL is an open-source toolkit that implements SSL (Secure Sockets Layer) and TLS (Transport Layer Security) protocols,Processor,https://openbenchmarking.org/test/windows/openssl
291,OpenVINO,This is a test of the Intel OpenVINO a toolkit around neural networks using its built-in benchmarking support and analyzing the throughput and latency for various models.,System,https://openbenchmarking.org/test/pts/openvino
292,OpenVKL,OpenVKL is the Intel Open Volume Kernel Library that offers high-performance volume computation kernels and part of the Intel oneAPI rendering toolkit.,Processor,https://openbenchmarking.org/test/pts/openvkl
293,Open Porous Media,This is a test of Open Porous Media a set of open-source tools concerning simulation of flow and transport of fluids in porous media,Processor,https://openbenchmarking.org/test/system/opm
294,Open Porous Media Git,This is a test of Open Porous Media a set of open-source tools concerning simulation of flow and transport of fluids in porous media,Processor,https://openbenchmarking.org/test/pts/opm-git
295,Optcarrot,Optcarrot is an NES emulator benchmark for the Ruby language.,System,https://openbenchmarking.org/test/pts/optcarrot
296,OSBench,OSBench is a collection of micro-benchmarks for measuring operating system primitives like time to create threads/processes launching programs creating files and memory allocation.,System,https://openbenchmarking.org/test/pts/osbench
297,OSPray,Intel OSPray is a portable ray-tracing engine for high-performance high-fidenlity scientific visualizations,Processor,https://openbenchmarking.org/test/pts/ospray
298,ParaView,This test runs ParaView benchmarks: an open-source data analytics and visualization application,Graphics,https://openbenchmarking.org/test/pts/paraview
299,Parboil,The Parboil Benchmarks from the IMPACT Research Group at University of Illinois are a set of throughput computing applications for looking at computing architecture and compilers,Processor,https://openbenchmarking.org/test/pts/parboil
300,PassMark PerformanceTEST,This is a benchmark of PassMark PerformanceTEST,System,https://openbenchmarking.org/test/windows/passmark
301,PCMark 10,This is a benchmark of PCMark 10,System,https://openbenchmarking.org/test/windows/pcmark10
302,Pennant,Pennant is an application focused on hydrodynamics on general unstructured meshes in 2D.,Processor,https://openbenchmarking.org/test/pts/pennant
303,perf-bench,This test profile is used for running Linux perf-bench the benchmark support within the Linux kernel's perf tool.,Processor,https://openbenchmarking.org/test/pts/perf-bench
304,Perl Benchmarks,Perl benchmark suite that can be used to compare the relative speed of different versions of perl.,Processor,https://openbenchmarking.org/test/pts/perl-benchmark
305,PostgreSQL pgbench,This is a simple TPC-B like benchmark of PostgreSQL.,System,https://openbenchmarking.org/test/pts/pgbench
306,PHP Micro Benchmarks,Various small PHP micro-benchmarks.,System,https://openbenchmarking.org/test/pts/php
307,PHPBench,PHPBench is a benchmark suite for PHP,System,https://openbenchmarking.org/test/pts/phpbench
308,Pjdfstest,Pjdfstest is a file-system test suite making use of POSIX file-system calls.,Disk,https://openbenchmarking.org/test/pts/pjdfstest
309,PJSIP,PJSIP is a free and open source multimedia communication library written in C language implementing standard based protocols such as SIP SDP RTP STUN TURN and ICE,Processor,https://openbenchmarking.org/test/pts/pjsip
310,PlaidML,This test profile uses PlaidML deep learning framework for offering up various inference benchmarks.,Graphics,https://openbenchmarking.org/test/pts/plaidml
311,pmbench,Pmbench is a Linux paging and virtual memory benchmark,Memory,https://openbenchmarking.org/test/pts/pmbench
312,PolyBench-C,PolyBench-C is a C-language polyhedral benchmark suite made at the Ohio State University.,Processor,https://openbenchmarking.org/test/pts/polybench-c
313,Polyhedron Fortran Benchmarks,The Fortran.uk Polyhedron Fortran Benchmarks for comparing Fortran compiler performance.,Processor,https://openbenchmarking.org/test/pts/polyhedron
314,Portal,This is a benchmark of Valve's Portal game,Graphics,https://openbenchmarking.org/test/pts/portal
315,Portal 2,This is a benchmark of Valve's Portal 2 game,Graphics,https://openbenchmarking.org/test/pts/portal2
316,PostMark,This is a test of NetApp's PostMark benchmark designed to simulate small-file testing similar to the tasks endured by web and mail servers,Disk,https://openbenchmarking.org/test/pts/postmark
317,POV-Ray,This is a test of POV-Ray the Persistence of Vision Raytracer,Processor,https://openbenchmarking.org/test/pts/povray
318,Powertop Wakeups,This test measures the wakeups-from-idle per second for a given interval.,Processor,https://openbenchmarking.org/test/pts/powertop-wakeups
319,Planet Penguin Racer,This test runs the open-source Planet Penguin Racer game as an OpenGL benchmark.,Graphics,https://openbenchmarking.org/test/pts/ppracer
320,Prey,This test calculates the average frame-rate within the Prey retail game from 3D Realms,Graphics,https://openbenchmarking.org/test/pts/prey
321,Primesieve,Primesieve generates prime numbers using a highly optimized sieve of Eratosthenes implementation,Processor,https://openbenchmarking.org/test/pts/primesieve
322,Phoronix Test Suite Self Test,This is a wrapper around the phoronix-test-suite debug-self-test sub-command for testing hot Phoronix Test Suite code paths and if wanting to compare different PHP implementations.,System,https://openbenchmarking.org/test/pts/pts-self-test
323,PyBench,This test profile reports the total time of the different average timed test results from PyBench,System,https://openbenchmarking.org/test/pts/pybench
324,PyMongo Inserts,This is a very basic benchmark measuring the time to perform 200000 simple insertions to a MongoDB using PyMongo with Python 3.x.,System,https://openbenchmarking.org/test/pts/pymongo-inserts
325,PyPerformance,PyPerformance is the reference Python performance benchmark suite.,System,https://openbenchmarking.org/test/pts/pyperformance
326,Quantum ESPRESSO,Quantum ESPRESSO is an integrated suite of Open-Source computer codes for electronic-structure calculations and materials modeling at the nanoscale,Processor,https://openbenchmarking.org/test/pts/qe
327,QGears2,This test runs qgears2 which is a test written by Zack Rusin and is based upon cairogears,Graphics,https://openbenchmarking.org/test/pts/qgears2
328,QMCPACK,QMCPACK is a modern high-performance open-source Quantum Monte Carlo (QMC) simulation code making use of MPI for this benchmark of the H20 example code,Processor,https://openbenchmarking.org/test/pts/qmcpack
329,Qmlbench,This test runs various micro-benchmarks of Qt5 QML.,System,https://openbenchmarking.org/test/pts/qmlbench
330,Quake II RTX,Quake II RTX on Steam,Graphics,https://openbenchmarking.org/test/pts/quake2rtx
331,Quake 4,This test calculates the average frame-rate within the Quake 4 game from id Software.,Graphics,https://openbenchmarking.org/test/pts/quake4
332,QuantLib,QuantLib is an open-source library/framework around quantitative finance for modeling trading and risk management scenarios,Processor,https://openbenchmarking.org/test/pts/quantlib
333,Radiance Benchmark,This is a benchmark of NREL Radiance a synthetic imaging system that is open-source and developed by the Lawrence Berkeley National Laboratory in California.,Processor,https://openbenchmarking.org/test/pts/radiance
334,RAMspeed SMP,This benchmark tests the system memory (RAM) performance.,Memory,https://openbenchmarking.org/test/pts/ramspeed
335,rav1e,Xiph rav1e is a Rust-written AV1 video encoder.,Processor,https://openbenchmarking.org/test/pts/rav1e
336,RawTherapee,RawTherapee is a cross-platform open-source multi-threaded RAW image processing program.,System,https://openbenchmarking.org/test/system/rawtherapee
337,rays1bench,This is a test of rays1bench a simple path-tracer / ray-tracing that supports SSE and AVX instructions multi-threading and other features,Processor,https://openbenchmarking.org/test/pts/rays1bench
338,R Benchmark,This test is a quick-running survey of general R performance,Processor,https://openbenchmarking.org/test/pts/rbenchmark
339,Reaction Quake 3,Reaction is an open-source game using the ioquake3 engine.,Graphics,https://openbenchmarking.org/test/pts/reaction
340,RealSR-NCNN,RealSR-NCNN is an NCNN neural network implementation of the RealSR project and accelerated using the Vulkan API,Graphics,https://openbenchmarking.org/test/pts/realsr-ncnn
341,Redis,Redis is an open-source in-memory data structure store used as a database cache and message broker.,System,https://openbenchmarking.org/test/pts/redis
342,Redis,,,https://openbenchmarking.org/test/system/redis
343,Redis,Redis is an open-source data structure server,System,https://openbenchmarking.org/test/windows/redis
344,RedShift Demo,This is a test of MAXON's RedShift demo build that currently requires NVIDIA GPU acceleration.,Graphics,https://openbenchmarking.org/test/pts/redshift
345,RELION,RELION - REgularised LIkelihood OptimisatioN - is a stand-alone computer program for Maximum A Posteriori refinement of (multiple) 3D reconstructions or 2D class averages in cryo-electron microscopy (cryo-EM),Processor,https://openbenchmarking.org/test/pts/relion
346,Renaissance,Renaissance is a suite of benchmarks designed to test the Java JVM from Apache Spark to a Twitter-like service to Scala and other features.,Processor,https://openbenchmarking.org/test/pts/renaissance
347,Rise of the Tomb Raider,Rise of the Tomb Raider on Steam.The test profile assumes you have a Steam account have Steam installed for the system and that you own a copy of this game,Graphics,https://openbenchmarking.org/test/pts/riseofthetombraider
348,RNNoise,RNNoise is a recurrent neural network for audio noise reduction developed by Mozilla and Xiph.Org,Processor,https://openbenchmarking.org/test/pts/rnnoise
349,Facebook RocksDB,This is a benchmark of Facebook's RocksDB as an embeddable persistent key-value store for fast storage based on Google's LevelDB.,System,https://openbenchmarking.org/test/pts/rocksdb
350,Rodinia,Rodinia is a suite from the University of Virginia that is focused upon accelerating compute-intensive applications with accelerators,Processor,https://openbenchmarking.org/test/pts/rodinia
351,librsvg,RSVG/librsvg is an SVG vector graphics library,System,https://openbenchmarking.org/test/system/rsvg
352,Ray Tracing In Vulkan,Ray Tracing In Vulkan is a demo/benchmark of  Vulkan ray-tracing support by Tanguy Fautre that makes use of Vulkan RT extensions (VK_KHR_ray_tracing_pipeline).,Graphics,https://openbenchmarking.org/test/pts/rtiv
353,Rust Mandelbrot,This test profile is of the combined time for the serial and parallel Mandelbrot sets written in Rustlang via willi-kappler/mandel-rust.,Processor,https://openbenchmarking.org/test/pts/rust-mandel
354,Rust Prime Benchmark,Based on petehunt/rust-benchmark this is a prime number benchmark that is multi-threaded and written in Rustlang.,Processor,https://openbenchmarking.org/test/pts/rust-prime
355,Serious Sam Fusion 2017,This is a benchmark of Serious Sam HD Fusion 2017 edition,Graphics,https://openbenchmarking.org/test/pts/sam2017
356,Sample Pass Fail,An example test profile of handling pass/fail type testing rather than performance related.,System,https://openbenchmarking.org/test/pts/sample-pass-fail
357,Sample Pi Program,A simple C++ program that calculates Pi to 87654321 digits using the Leibniz formula,Processor,https://openbenchmarking.org/test/pts/sample-program
358,Schbench,This is a benchmark of Schbench a Linux kernel scheduler benchmark developed by Facebook.,System,https://openbenchmarking.org/test/pts/schbench
359,Scikit-Learn,Scikit-learn is a Python module for machine learning,System,https://openbenchmarking.org/test/pts/scikit-learn
360,SciMark,This test runs the ANSI C version of SciMark 2.0 which is a benchmark for scientific and numerical computing developed by programmers at the National Institute of Standards and Technology,Processor,https://openbenchmarking.org/test/pts/scimark2
361,SecureMark,SecureMark is an objective standardized benchmarking framework for measuring the efficiency of cryptographic processing solutions developed by EEMBC,Processor,https://openbenchmarking.org/test/pts/securemark
362,Selenium,This test profile uses the Selenium WebDriver for running various browser benchmarks in different available web browsers.,System,https://openbenchmarking.org/test/system/selenium
363,Time To Load + View Popular Websites,This test profile uses the Selenium WebDriver for measuring the time it takes to load a majority of the top 50 most popular websites in the web browser in different tabs and to scroll to the bottom of the page keeping previous tabs open.,System,https://openbenchmarking.org/test/system/selenium-top-sites
364,Serial Loopback Test,This test will do a simple write/read test on all detected serial interfaces,System,https://openbenchmarking.org/test/pts/serial-loopback
365,Shadow of the Tomb Raider,Shadow of the Tomb Raider on Steam.The test profile assumes you have a Steam account have Steam installed for the system and that you own a copy of this game,Graphics,https://openbenchmarking.org/test/pts/shadowofthetombraider
366,SHOC Scalable HeterOgeneous Computing,The CUDA and OpenCL version of Vetter's Scalable HeterOgeneous Computing benchmark suite,Graphics,https://openbenchmarking.org/test/pts/shoc
367,simdjson,This is a benchmark of SIMDJSON a high performance JSON parser,Processor,https://openbenchmarking.org/test/pts/simdjson
368,Smallpt,Smallpt is a C++ global illumination renderer written in less than 100 lines of code,Processor,https://openbenchmarking.org/test/pts/smallpt
369,SmallPT GPU,SmallPT GPU is an OpenCL benchmark that's run with various PTS changes compared to upstream and multiple rendering scenes are available.,System,https://openbenchmarking.org/test/pts/smallpt-gpu
370,SMART Disk Self-Report,This test profile will do a pass/fail report on the disk drive's SMART overall-health self-assessment test result.,Disk,https://openbenchmarking.org/test/pts/smart
371,SMHasher,SMHasher is a hash function tester.,Processor,https://openbenchmarking.org/test/pts/smhasher
372,Sockperf,This is a network socket API performance benchmark.,Network,https://openbenchmarking.org/test/pts/sockperf
373,SPEC CPU 2017,This is a benchmark of SPEC CPU 2017,System,https://openbenchmarking.org/test/pts/spec-cpu2017
374,SPECjbb 2015,This is a benchmark of SPECjbb 2015,System,https://openbenchmarking.org/test/pts/spec-jbb2015
375,SPECViewPerf 9,This test runs SPECViewPerf 9.0 which is made up of real-world OpenGL workstation tests such as 3DS Max CATIA Maya Pro/Engineer and SolidWorks.,Graphics,https://openbenchmarking.org/test/pts/specviewperf9
376,SQLite,This is a simple benchmark of SQLite,Disk,https://openbenchmarking.org/test/pts/sqlite
377,SQLite,,,https://openbenchmarking.org/test/system/sqlite
378,SQLite Speedtest,This is a benchmark of SQLite's speedtest1 benchmark program with an increased problem size of 1000.,System,https://openbenchmarking.org/test/pts/sqlite-speedtest
379,srsLTE,srsLTE is an open-source LTE software radio suite created by Software Radio Systems (SRS),Processor,https://openbenchmarking.org/test/pts/srslte
380,srsRAN,srsRAN is an open-source LTE/5G software radio suite created by Software Radio Systems (SRS),Processor,https://openbenchmarking.org/test/pts/srsran
381,Serious Sam 3: BFE,This is a benchmark of Serious Sam 3: BFE with the Fusion 2017 update,Graphics,https://openbenchmarking.org/test/pts/ss3bfe
382,Application Start-up Time,This benchmark measures the start-up time of applications when there is some I/O in the background.,Disk,https://openbenchmarking.org/test/pts/startup-time
383,Stockfish,This is a test of Stockfish an advanced open-source C++11 chess benchmark that can scale up to 512 CPU threads.,Processor,https://openbenchmarking.org/test/pts/stockfish
384,Strange Brigade,This is a benchmark of Strange Brigade running under Steam Play (Proton) on Linux,Graphics,https://openbenchmarking.org/test/pts/strange-brigade
385,Stream,This is a benchmark of Stream the popular system memory (RAM) benchmark.,Memory,https://openbenchmarking.org/test/pts/stream
386,Stream-Dynamic,This is an open-source AMD modified copy of the Stream memory benchmark catered towards running the RAM benchmark on systems with the AMD Optimizing C/C++ Compiler (AOCC) among other by-default optimizations aiming for an easy and standardized deployment,Memory,https://openbenchmarking.org/test/pts/stream-dynamic
387,Stress-NG,Stress-NG is a Linux stress tool developed by Colin King of Canonical.,System,https://openbenchmarking.org/test/pts/stress-ng
388,Stressful Application Test,This is a pass/fail benchmark of stressapptest (Stressful Application Test) for verifying memory/RAM stability of the system.,System,https://openbenchmarking.org/test/pts/stressapptest
389,Sudokut,This is a test of Sudokut which is a Sudoku puzzle solver written in Tcl,Processor,https://openbenchmarking.org/test/pts/sudokut
390,Sunflow Rendering System,This test runs benchmarks of the Sunflow Rendering System,System,https://openbenchmarking.org/test/pts/sunflow
391,SuperTuxKart,This is a test of SuperTuxKart which is an open-source racing game,Graphics,https://openbenchmarking.org/test/pts/supertuxkart
392,SVT-AV1,This is a test of the Intel Open Visual Cloud Scalable Video Technology SVT-AV1 CPU-based multi-threaded video encoder for the AV1 video format with a sample 1080p YUV video file.,Processor,https://openbenchmarking.org/test/pts/svt-av1
393,SVT-HEVC,This is a test of the Intel Open Visual Cloud Scalable Video Technology SVT-HEVC CPU-based multi-threaded video encoder for the HEVC / H.265 video format with a sample 1080p YUV video file.,Processor,https://openbenchmarking.org/test/pts/svt-hevc
394,SVT-VP9,This is a test of the Intel Open Visual Cloud Scalable Video Technology SVT-VP9 CPU-based multi-threaded video encoder for the VP9 video format with a sample YUV input video file.,Processor,https://openbenchmarking.org/test/pts/svt-vp9
395,Swet,Swet is a synthetic CPU/RAM benchmark includes multi-processor test cases.,Processor,https://openbenchmarking.org/test/pts/swet
396,Google SynthMark,SynthMark is a cross platform tool for benchmarking CPU performance under a variety of real-time audio workloads,Processor,https://openbenchmarking.org/test/pts/synthmark
397,Sysbench,This is a benchmark of Sysbench with the built-in CPU and memory sub-tests,System,https://openbenchmarking.org/test/pts/sysbench
398,System BZIP2 Decompression,This test measures the time to decompress a Linux kernel tarball using BZIP2.,Processor,https://openbenchmarking.org/test/pts/system-decompress-bzip2
399,System GZIP Decompression,This test measures the time to decompress a gzipped tarball.,Processor,https://openbenchmarking.org/test/pts/system-decompress-gzip
400,System Libtiff Decompression,This test measures the time to decompress an image from TIFF to RGBA.,Processor,https://openbenchmarking.org/test/pts/system-decompress-tiff
401,System XZ Decompression,This test measures the time to decompress a Linux kernel tarball using XZ.,Processor,https://openbenchmarking.org/test/pts/system-decompress-xz
402,System JPEG Library Decode,This test measures the time to decode a jpeg file using the system's libjpeg.,Processor,https://openbenchmarking.org/test/pts/system-libjpeg
403,System Libxml2 Parsing,This test measures the time to parse a random XML file with libxml2 via xmllint using the streaming API.,Processor,https://openbenchmarking.org/test/pts/system-libxml2
404,Systemd Kernel Boot Time,This test uses systemd-analyze to report the kernel boot time.,Processor,https://openbenchmarking.org/test/pts/systemd-boot-kernel
405,Systemd Total Boot Time,This test uses systemd-analyze to report the entire boot time.,Processor,https://openbenchmarking.org/test/pts/systemd-boot-total
406,Systemd Userspace Boot Time,This test uses systemd-analyze to report the userspace boot time.,Processor,https://openbenchmarking.org/test/pts/systemd-boot-userspace
407,t-test1,This is a test of t-test1 for basic memory allocator benchmarks,Memory,https://openbenchmarking.org/test/pts/t-test1
408,Tachyon,This is a test of the threaded Tachyon a parallel ray-tracing system.,Processor,https://openbenchmarking.org/test/pts/tachyon
409,The Talos Principle,This is a benchmark of The Talos Principle,Graphics,https://openbenchmarking.org/test/pts/talos-principle
410,Tensorflow,This is a benchmark of the Tensorflow deep learning framework using the CIFAR10 data set.,System,https://openbenchmarking.org/test/pts/tensorflow
411,TensorFlow Lite,This is a benchmark of the TensorFlow Lite implementation,System,https://openbenchmarking.org/test/pts/tensorflow-lite
412,NVIDIA TensorRT Inference,This test profile uses any existing system installation of NVIDIA TensorRT for carrying out inference benchmarks with various neural networks.,Graphics,https://openbenchmarking.org/test/system/tensorrt-inference
413,Tesseract,Tesseract is a fork of Cube 2 Sauerbraten with numerous graphics and game-play improvements,Graphics,https://openbenchmarking.org/test/pts/tesseract
414,Tesseract OCR,Tesseract-OCR is the open-source optical character recognition (OCR) engine for the conversion of text within images to raw text output,System,https://openbenchmarking.org/test/system/tesseract-ocr
415,Team Fortress 2,This is a benchmark of Valve's free-to-play Team Fortress 2 game,Graphics,https://openbenchmarking.org/test/pts/tf2
416,A Total War Saga: THRONES OF BRITANNIA,A Total War Saga: THRONES OF BRITANNIA on Steam.The test profile assumes you have a Steam account have Steam installed for the system and that you own a copy of this game,Graphics,https://openbenchmarking.org/test/pts/thronesofbritannia
417,Tinymembench,This benchmark tests the system memory (RAM) performance.,Memory,https://openbenchmarking.org/test/pts/tinymembench
418,Threaded I/O Tester,Tiotester (Threaded I/O Tester) benchmarks the hard disk drive / file-system performance.,Disk,https://openbenchmarking.org/test/pts/tiobench
419,libjpeg-turbo tjbench,tjbench is a JPEG decompression/compression benchmark that is part of libjpeg-turbo a JPEG image codec library optimized for SIMD instructions on modern CPU architectures.,System,https://openbenchmarking.org/test/pts/tjbench
420,TNN,TNN is an open-source deep learning reasoning framework developed by Tencent.,System,https://openbenchmarking.org/test/pts/tnn
421,KTX-Software toktx,This is a benchmark of The Khronos Group's KTX-Software library and tools,System,https://openbenchmarking.org/test/pts/toktx
422,Tomb Raider,This is a benchmark of the Tomb Raider (2013) game,Graphics,https://openbenchmarking.org/test/pts/tomb-raider
423,toyBrot Fractal Generator,ToyBrot is a Mandelbrot fractal generator supporting C++ threads/tasks OpenMP Threaded Building Blocks and other targets.,Processor,https://openbenchmarking.org/test/pts/toybrot
424,Triangle Slammer,Triangle Slammer is an OpenGL benchmark of the PERL language.,Graphics,https://openbenchmarking.org/test/pts/trislam
425,TSCP,This is a performance test of TSCP Tom Kerrigan's Simple Chess Program which has a built-in performance benchmark.,Processor,https://openbenchmarking.org/test/pts/tscp
426,TTSIOD 3D Renderer,A portable GPL 3D software renderer that supports OpenMP and Intel Threading Building Blocks with many different rendering modes,Processor,https://openbenchmarking.org/test/pts/ttsiod-renderer
427,Tungsten Renderer,Tungsten is a C++ physically based renderer that makes use of Intel's Embree ray tracing library.,Processor,https://openbenchmarking.org/test/pts/tungsten
428,Total War: Three Kingdoms,Total War: Three Kingdoms on Steam.The test profile assumes you have a Steam account have Steam installed for the system and that you own a copy of this game,Graphics,https://openbenchmarking.org/test/pts/twtk
429,Total War: WARHAMMER II,Total War: WARHAMMER II on Steam.The test profile assumes you have a Steam account have Steam installed for the system and that you own a copy of this game,Graphics,https://openbenchmarking.org/test/pts/tww2
430,Metro 2033 Redux,A demo of Unreal Engine 4.,Graphics,https://openbenchmarking.org/test/pts/ue4-atlantis
431,Elemental Demo,A demo of Unreal Engine 4.,Graphics,https://openbenchmarking.org/test/pts/ue4-elemental
432,Matinee Fight Scene Demo,A demo of Unreal Engine 4.,Graphics,https://openbenchmarking.org/test/pts/ue4-matinee
433,Landscape Mountains Demo,A demo of Unreal Engine 4.,Graphics,https://openbenchmarking.org/test/pts/ue4-mountains
434,Unigine Heaven,This test calculates the average frame-rate within the Heaven demo for the Unigine engine,Graphics,https://openbenchmarking.org/test/pts/unigine-heaven
435,Unigine Sanctuary,This test calculates the average frame-rate within the Sanctuary demo for the Unigine engine,Graphics,https://openbenchmarking.org/test/pts/unigine-sanctuary
436,Unigine Superposition,This test calculates the average frame-rate within the Valley demo for the Unigine engine released in February 2013,Graphics,https://openbenchmarking.org/test/pts/unigine-super
437,Unigine Tropics,This test calculates the average frame-rate within the Tropics / Islands demo for the Unigine engine,Graphics,https://openbenchmarking.org/test/pts/unigine-tropics
438,Unigine Valley,This test calculates the average frame-rate within the Valley demo for the Unigine engine released in February 2013,Graphics,https://openbenchmarking.org/test/pts/unigine-valley
439,Unpacking Firefox,This simple test profile measures how long it takes to extract the .tar.xz source package of the Mozilla Firefox Web Browser.,System,https://openbenchmarking.org/test/pts/unpack-firefox
440,Unpacking The Linux Kernel,This test measures how long it takes to extract the .tar.xz Linux kernel package.,Disk,https://openbenchmarking.org/test/pts/unpack-linux
441,Unvanquished,Unvanquished is a modern fork of the Tremulous first person shooter,Graphics,https://openbenchmarking.org/test/pts/unvanquished
442,Urban Terror,Urban Terror is an open-source game that uses the ioquake3 engine,Graphics,https://openbenchmarking.org/test/pts/urbanterror
443,Unreal Tournament 2004 Demo,This test calculates the average frame-rate within the Unreal Tournament 2004 game demo from Epic Games.,Graphics,https://openbenchmarking.org/test/pts/ut2004-demo
444,Chaos Group V-RAY,This is a test of Chaos Group's V-RAY benchmark,System,https://openbenchmarking.org/test/pts/v-ray
445,1080p H.264 Video Playback,This is a test profile that will record the CPU usage while a 1080p H.264 video sample of Big Buck Bunny is played back for several minutes using MPlayer.,Graphics,https://openbenchmarking.org/test/pts/video-cpu-usage
446,ViennaCL,ViennaCL is an open-source linear algebra library written in C++ and with support for OpenCL and OpenMP,Graphics,https://openbenchmarking.org/test/pts/viennacl
447,VkFFT,VkFFT is a Fast Fourier Transform (FFT) Library that is GPU accelerated by means of the Vulkan API,Graphics,https://openbenchmarking.org/test/pts/vkfft
448,VKMark,VKMark is a collection of Vulkan tests/benchmarks.,Graphics,https://openbenchmarking.org/test/pts/vkmark
449,vkpeak,Vkpeak is a Vulkan compute benchmark inspired by OpenCL's clpeak,Graphics,https://openbenchmarking.org/test/pts/vkpeak
450,VkResample,VkResample is a Vulkan-based image upscaling library based on VkFFT,Graphics,https://openbenchmarking.org/test/pts/vkresample
451,VOSK Speech Recognition Toolkit,VOSK is an open-source offline speech recognition API/toolkit,Processor,https://openbenchmarking.org/test/pts/vosk
452,VP9 libvpx Encoding,This is a standard video encoding performance test of Google's libvpx library and the vpxenc command for the VP9/WebM format.,Processor,https://openbenchmarking.org/test/pts/vpxenc
453,Waifu2x-NCNN Vulkan,Waifu2x-NCNN is an NCNN neural network implementation of the Waifu2x converter project and accelerated using the Vulkan API,Graphics,https://openbenchmarking.org/test/pts/waifu2x-ncnn
454,Warsow,This is a benchmark of Warsow a popular open-source first-person shooter,Graphics,https://openbenchmarking.org/test/pts/warsow
455,WebP Image Encode,This is a test of Google's libwebp with the cwebp image encode utility and using a sample 6000x4000 pixel JPEG image as the input.,Processor,https://openbenchmarking.org/test/pts/webp
456,WebP2 Image Encode,This is a test of Google's libwebp2 library with the WebP2 image encode utility and using a sample 6000x4000 pixel JPEG image as the input similar to the WebP/libwebp test profile,Processor,https://openbenchmarking.org/test/pts/webp2
457,WinSAT,WinSAT is the Windows System Assessment Tool for Microsoft Windows.,System,https://openbenchmarking.org/test/windows/winsat
458,WireGuard + Linux Networking Stack Stress Test,This is a benchmark of the WireGuard secure VPN tunnel and Linux networking stack stress test,Network,https://openbenchmarking.org/test/system/wireguard
459,WRF,"WRF the Weather Research and Forecasting Model is a ""next-generation mesoscale numerical weather prediction system designed for both atmospheric research and operational forecasting applications",System,https://openbenchmarking.org/test/pts/wrf
460,x11perf,x11perf is a very basic performance/regression test for X.Org.,Graphics,https://openbenchmarking.org/test/pts/x11perf
461,x264,This is a simple test of the x264 H.264/AVC encoder.,Processor,https://openbenchmarking.org/test/pts/x264
462,x265,This is a simple test of the x265 encoder run on the CPU with a sample video file.,Processor,https://openbenchmarking.org/test/pts/x265
463,Xmrig,Xmrig is an open-source cross-platform CPU/GPU miner for RandomX KawPow CryptoNight and AstroBWT,Processor,https://openbenchmarking.org/test/pts/xmrig
464,Xonotic,This is a benchmark of Xonotic which is a fork of the DarkPlaces-based Nexuiz game,Graphics,https://openbenchmarking.org/test/pts/xonotic
465,X-Plane,This is a test of X-Plane a realistic multi-platform flight simulator designed for personal computers,Graphics,https://openbenchmarking.org/test/pts/xplane11
466,Xsbench,XSBench is a mini-app representing a key computational kernel of the Monte Carlo neutronics application OpenMC.,System,https://openbenchmarking.org/test/pts/xsbench
467,Xsbench OpenCL,Xsbench benchmark in OpenCL via GPUOpen.,System,https://openbenchmarking.org/test/pts/xsbench-cl
468,Y-Cruncher,Y-Cruncher is a multi-threaded Pi benchmark.,Processor,https://openbenchmarking.org/test/pts/y-cruncher
469,YafaRay,YafaRay is an open-source physically based montecarlo ray-tracing engine.,Processor,https://openbenchmarking.org/test/pts/yafaray
470,yquake2,This is a test of Yamagi Quake II,Graphics,https://openbenchmarking.org/test/pts/yquake2
