,0,1
0,2xamdepyc72528-core,0
1,2xamdepyc72628-core,0
2,2xamdepyc727212-core,0
3,2xamdepyc728216-core,0
4,2xamdepyc730116-core,0
5,2xamdepyc730216-core,0
6,2xamdepyc731316-core,0
7,2xamdepyc734316-core,0
8,2xamdepyc735116-core,0
9,2xamdepyc735224-core,0
10,2xamdepyc737116-core,0
11,2xamdepyc73f316-core,0
12,2xamdepyc740124-core,0
13,2xamdepyc740224-core,0
14,2xamdepyc744324-core,0
15,2xamdepyc745124-core,0
16,2xamdepyc745232-core,0
17,2xamdepyc745328-core,0
18,2xamdepyc74f324-core,0
19,2xamdepyc750132-core,0
20,2xamdepyc750232-core,0
21,2xamdepyc751332-core,0
22,2xamdepyc753232-core,0
23,2xamdepyc754232-core,0
24,2xamdepyc754332-core,0
25,2xamdepyc755132-core,0
26,2xamdepyc755248-core,0
27,2xamdepyc75f332-core,0
28,2xamdepyc760132-core,0
29,2xamdepyc764248-core,0
30,2xamdepyc764348-core,0
31,2xamdepyc766356-core,0
32,2xamdepyc770264-core,0
33,2xamdepyc771364-core,0
34,2xamdepyc774264-core,0
35,2xamdepyc776364-core,0
36,2xamdepyc7f328-core,0
37,2xamdepyc7f5216-core,0
38,2xamdepyc7f7224-core,0
39,2xamdepyc7v1264-core,0
40,2xamdopteron23xx,0
41,2xamdopteron248,0
42,2xamdopteron270,0
43,2xamdopteron4170he,0
44,2xamdopteron6172,0
45,2xamdopteron6174,0
46,2xamdopteron6180se,0
47,2xamdopteron6238,0
48,2xamdopteron6272,0
49,2xamdopteron6282se,0
50,2xamdopteron6320,0
51,2xamdopteron6380,0
52,2xamdopteron6386se,0
53,2xintel%240000%25,0
54,2xintel0000,0
55,2xintel0000%25,0
56,2xintelxeon2.60ghz,0
57,2xintelxeon2.80ghz,0
58,2xintelxeon5140,0
59,2xintelxeon5150,0
60,2xintelxeon5160,0
61,2xintelxeone312xx,0
62,2xintelxeone5-2403v2,0
63,2xintelxeone5-24070,0
64,2xintelxeone5-24200,0
65,2xintelxeone5-2420v2,0
66,2xintelxeone5-24300,0
67,2xintelxeone5-2450l0,0
68,2xintelxeone5-24700,0
69,2xintelxeone5-2603v2,0
70,2xintelxeone5-26090,0
71,2xintelxeone5-26200,0
72,2xintelxeone5-2620v2,0
73,2xintelxeone5-2620v3,0
74,2xintelxeone5-2620v4,0
75,2xintelxeone5-26300,0
76,2xintelxeone5-2630v2,0
77,2xintelxeone5-2630v3,0
78,2xintelxeone5-2630v4,0
79,2xintelxeone5-2637v2,0
80,2xintelxeone5-2637v3,0
81,2xintelxeone5-2637v4,0
82,2xintelxeone5-26400,0
83,2xintelxeone5-2640v3,0
84,2xintelxeone5-2640v4,0
85,2xintelxeone5-26430,0
86,2xintelxeone5-2643v3,0
87,2xintelxeone5-26500,0
88,2xintelxeone5-2650l0,0
89,2xintelxeone5-2650lv3,0
90,2xintelxeone5-2650v2,0
91,2xintelxeone5-2650v3,0
92,2xintelxeone5-2650v4,0
93,2xintelxeone5-2658v2,0
94,2xintelxeone5-26600,0
95,2xintelxeone5-2660v2,0
96,2xintelxeone5-2660v3,0
97,2xintelxeone5-2660v4,0
98,2xintelxeone5-26650,0
99,2xintelxeone5-26670,0
100,2xintelxeone5-2667v3,0
101,2xintelxeone5-2667v4,0
102,2xintelxeone5-2669v3,0
103,2xintelxeone5-26700,0
104,2xintelxeone5-2678v3,0
105,2xintelxeone5-26800,0
106,2xintelxeone5-2680v2,0
107,2xintelxeone5-2680v3,0
108,2xintelxeone5-2680v4,0
109,2xintelxeone5-2682v4,0
110,2xintelxeone5-2683v3,0
111,2xintelxeone5-2683v4,0
112,2xintelxeone5-2687w0,0
113,2xintelxeone5-26900,0
114,2xintelxeone5-2690v2,0
115,2xintelxeone5-2690v3,0
116,2xintelxeone5-2690v4,0
117,2xintelxeone5-2695v3,0
118,2xintelxeone5-2696v3,0
119,2xintelxeone5-2697v2,0
120,2xintelxeone5-2697v3,0
121,2xintelxeone5-2697v4,0
122,2xintelxeone5-2698v3,0
123,2xintelxeone5-2699v3,0
124,2xintelxeone5-2699v4,0
125,2xintelxeone5-26xxv3,0
126,2xintelxeone5310,0
127,2xintelxeone5405,0
128,2xintelxeone5410,0
129,2xintelxeone5420,0
130,2xintelxeone5430,0
131,2xintelxeone5440,0
132,2xintelxeone5462,0
133,2xintelxeone5504,0
134,2xintelxeone5506,0
135,2xintelxeone5520,0
136,2xintelxeone5530,0
137,2xintelxeone5540,0
138,2xintelxeone5606,0
139,2xintelxeone5620,0
140,2xintelxeone5630,0
141,2xintelxeone5640,0
142,2xintelxeone5645,0
143,2xintelxeone5649,0
144,2xintelxeongold5115,0
145,2xintelxeongold5118,0
146,2xintelxeongold5120,0
147,2xintelxeongold5218,0
148,2xintelxeongold5220r,0
149,2xintelxeongold6130,0
150,2xintelxeongold6138,0
151,2xintelxeongold6140,0
152,2xintelxeongold6142,0
153,2xintelxeongold6144,0
154,2xintelxeongold6148,0
155,2xintelxeongold6152,0
156,2xintelxeongold6154,0
157,2xintelxeongold6230,0
158,2xintelxeongold6238r,0
159,2xintelxeongold6240,0
160,2xintelxeongold6240r,0
161,2xintelxeongold6248r,0
162,2xintelxeongold6252n,0
163,2xintelxeongold6254,0
164,2xintelxeongold6330,0
165,2xintelxeonl5420,0
166,2xintelxeonl5630,0
167,2xintelxeonplatinum8160,0
168,2xintelxeonplatinum8163,0
169,2xintelxeonplatinum8167m,0
170,2xintelxeonplatinum8168,0
171,2xintelxeonplatinum8175m,0
172,2xintelxeonplatinum8259cl,0
173,2xintelxeonplatinum8268,0
174,2xintelxeonplatinum8275cl,0
175,2xintelxeonplatinum8360y,0
176,2xintelxeonplatinum8380,0
177,2xintelxeonsilver4108,0
178,2xintelxeonsilver4110,0
179,2xintelxeonsilver4114,0
180,2xintelxeonsilver4214,0
181,2xintelxeonsilver4215,0
182,2xintelxeonsilver4216,0
183,2xintelxeonx5355,0
184,2xintelxeonx5550,0
185,2xintelxeonx5570,0
186,2xintelxeonx5650,0
187,2xintelxeonx5670,0
188,2xintelxeonx5675,0
189,2xintelxeonx5680,0
190,2xintelxeonx5690,0
191,4xamdopteron6272,0
192,4xamdopteron6378,0
193,4xintelxeone5-2680v3,0
194,4xintelxeone5-26xxv3,0
195,4xintelxeone5-46170,0
196,4xintelxeone5-4620v2,0
197,4xintelxeone7-4850,0
198,4xintelxeonx7350,0
199,4xintelxeonx7460,0
200,8xamdopteron63xxclass,0
201,8xintelxeone312xx,0
202,8xintelxeone5620,0
203,aarch64rev4,0
204,amda10-4600mapu,0
205,amda10-5800kapu,0
206,amda10-6700apu,0
207,amda10-7700kapuwithradeonr7,0
208,amda10-7800radeonr712computecores4c,2435
209,amda10-7850kapu,0
210,amda10-7850kapuwithradeonr7,0
211,amda10-7850kradeonr712computecores4c,0
212,amda10-7870kradeonr712computecores4c,0
213,amda10-8700pradeonr610computecores4c,0
214,amda10micro-6700tapu,0
215,amda12-9720pradeonr712computecores4c,0
216,amda4-5000apu,0
217,amda4-5300apu,0
218,amda4-6300apu,0
219,amda6-3410mxapu,0
220,amda6-3670apu,0
221,amda6-4400mapu,0
222,amda6-5400kapu,0
223,amda6-6310apuwithamdradeonr4,0
224,amda6-6400kapu,0
225,amda6-7400kradeonr56computecores2c,0
226,amda8-3870apu,0
227,amda8-6500apu,0
228,amda8-7600radeonr710computecores4c,0
229,amda8-7650kradeonr710computecores4c,0
230,amda8-7670kradeonr710computecores4c,0
231,amda9-9425radeonr55computecores2c,0
232,amdathlon200ge,100
233,amdathlon3000g,105
234,amdathlon5150apuwithradeonr3,0
235,amdathlon5350apu,0
236,amdathlon5350apuwithradeonr3,0
237,amdathlon643500,0
238,amdathlon643700,0
239,amdathlon64x23800,0
240,amdathlon64x24000,0
241,amdathlon64x25000,0
242,amdathlon64x25200,0
243,amdathlon64x26000,0
244,amdathlon7750,0
245,amdathlonii170u,0
246,amdathloniix2215,256
247,amdathloniix2245,261
248,amdathloniix2250,263
249,amdathloniix2260,267
250,amdathloniix2270,270
251,amdathloniix24400e,0
252,amdathloniix3425,277
253,amdathloniix3450,282
254,amdathloniix4620,289
255,amdathloniix4630,291
256,amdathloniix4635,293
257,amdathloniix4640,295
258,amdathlonx4750kquadcore,0
259,amdathlonx4845quadcore,0
260,amdathlonx4860kquadcore,0
261,amdc-60apu,0
262,amde-350,379
263,amde-450apu,0
264,amde1-1500apu,0
265,amde1-2100apu,0
266,amde2-1800apu,0
267,amdepyc7232p8-core,0
268,amdepyc72518-core,0
269,amdepyc72528-core,0
270,amdepyc72628-core,0
271,amdepyc727212-core,0
272,amdepyc728116-core,0
273,amdepyc728216-core,0
274,amdepyc72f38-core,0
275,amdepyc730216-core,0
276,amdepyc7302p16-core,0
277,amdepyc731316-core,0
278,amdepyc734316-core,0
279,amdepyc7351p16-core,0
280,amdepyc735224-core,0
281,amdepyc73f316-core,0
282,amdepyc7401p24-core,0
283,amdepyc740224-core,0
284,amdepyc7402p24-core,0
285,amdepyc744324-core,0
286,amdepyc745232-core,0
287,amdepyc745328-core,0
288,amdepyc74f324-core,0
289,amdepyc750232-core,0
290,amdepyc7502p32-core,0
291,amdepyc753232-core,0
292,amdepyc754232-core,0
293,amdepyc754332-core,0
294,amdepyc755132-core,0
295,amdepyc7551p32-core,0
296,amdepyc755248-core,0
297,amdepyc75f332-core,0
298,amdepyc760132-core,0
299,amdepyc764248-core,0
300,amdepyc764348-core,0
301,amdepyc766264-core,0
302,amdepyc770264-core,0
303,amdepyc7702p64-core,0
304,amdepyc771364-core,0
305,amdepyc774264-core,0
306,amdepyc776364-core,0
307,amdepyc7f328-core,0
308,amdepyc7f5216-core,0
309,amdepyc7f7224-core,0
310,amdfireprov4800,0
311,amdfireprov7900,0
312,amdfx-4100,448
313,amdfx-4300,453
314,amdfx-6100six-core,0
315,amdfx-6300six-core,0
316,amdfx-6350six-core,0
317,amdfx-8120eight-core,0
318,amdfx-8150eight-core,0
319,amdfx-8320eeight-core,0
320,amdfx-8320eight-core,0
321,amdfx-8350eight-core,0
322,amdfx-8370eeight-core,0
323,amdfx-8370eight-core,0
324,amdfx-9590eight-core,0
325,amdg-t56n,0
326,amdgx-424ccsoc,0
327,amdopteron170,0
328,amdopteron2356,0
329,amdopteron2374he,0
330,amdopteron23xx,0
331,amdopteron4386,556
332,amdopteron62xxclass,0
333,amdopteron6348,567
334,amdopteron6380,571
335,amdopteronx3216apu,0
336,amdphenom8650triple-core,0
337,amdphenom9500,0
338,amdphenom9550,0
339,amdphenom9650,0
340,amdphenom9950,0
341,amdphenomiin620,0
342,amdphenomiix2555,0
343,amdphenomiix2560,0
344,amdphenomiix4820,655
345,amdphenomiix4840,657
346,amdphenomiix4940,0
347,amdphenomiix4945,0
348,amdphenomiix4955,0
349,amdphenomiix4960t,0
350,amdphenomiix4973,0
351,amdphenomiix4b55,0
352,amdphenomiix61035t,682
353,amdphenomiix61045t,683
354,amdphenomiix61055t,0
355,amdphenomiix61090t,0
356,amdryzen31200,719
357,amdryzen31300x,721
358,amdryzen32200g,722
359,amdryzen32200gwithradeonvega,0
360,amdryzen32200u,723
361,amdryzen331004-core,0
362,amdryzen33200g,727
363,amdryzen33200u,728
364,amdryzen33300x4-core,0
365,amdryzen3pro4350g,740
366,amdryzen51400,743
367,amdryzen51500x,744
368,amdryzen51600six-core,0
369,amdryzen51600xsix-core,0
370,amdryzen52400g,747
371,amdryzen52400gwithradeonvega,0
372,amdryzen52500u,748
373,amdryzen52500uwithradeonvegamobilegfx,0
374,amdryzen52600six-core,0
375,amdryzen52600xsix-core,0
376,amdryzen53400g,754
377,amdryzen53500u,755
378,amdryzen53500x6-core,0
379,amdryzen53550h,757
380,amdryzen536006-core,0
381,amdryzen53600x6-core,0
382,amdryzen53600xt6-core,0
383,amdryzen54500u,762
384,amdryzen55500u,768
385,amdryzen55600g,769
386,amdryzen55600x6-core,0
387,amdryzen5pro3500u,776
388,amdryzen5pro4650g,777
389,amdryzen5pro4650u,779
390,amdryzen71700eight-core,0
391,amdryzen71700xeight-core,0
392,amdryzen71800xeight-core,0
393,amdryzen72700eight-core,0
394,amdryzen72700u,785
395,amdryzen72700xeight-core,0
396,amdryzen73700x8-core,0
397,amdryzen73800x8-core,0
398,amdryzen73800xt8-core,0
399,amdryzen74800h,799
400,amdryzen74800u,801
401,amdryzen75700g,802
402,amdryzen75700u,0
403,amdryzen75800h,803
404,amdryzen75800u,0
405,amdryzen75800x8-core,0
406,amdryzen7pro2700uw,0
407,amdryzen7pro4750g,812
408,amdryzen7pro4750u,0
409,amdryzen93900x12-core,0
410,amdryzen93900xt12-core,0
411,amdryzen93950x16-core,0
412,amdryzen94900hs,818
413,amdryzen95900hx,819
414,amdryzen95900x12-core,0
415,amdryzen95950x16-core,0
416,amdryzenthreadripper1900x8-core,0
417,amdryzenthreadripper1920x12-core,0
418,amdryzenthreadripper1950x16-core,0
419,amdryzenthreadripper2920x12-core,0
420,amdryzenthreadripper2950x16-core,0
421,amdryzenthreadripper2970wx24-core,0
422,amdryzenthreadripper2990wx32-core,0
423,amdryzenthreadripper3960x24-core,0
424,amdryzenthreadripper3970x32-core,0
425,amdryzenthreadripper3990x64-core,0
426,amdryzenthreadripperpro3995wx64-cores,0
427,amdsempron3850apuwithradeonr3,0
428,amperealtraarmv8neoverse-n1160-core,0
429,amperealtraarmv8neoverse-n180-core,0
430,amperearmv8neoverse-n1128-core,0
431,amperearmv8neoverse-n1256-core,0
432,ampereemagarmv832-core,0
433,armv6-compatiblerev7,0
434,armv7cortex-a158-core,0
435,armv7cortex-a534-core,0
436,armv7cortex-a724-core,0
437,armv7cortex-a74-core,0
438,armv7rev02-core,0
439,armv7rev04-core,0
440,armv7rev10,0
441,armv7rev102-core,0
442,armv7rev104-core,0
443,armv7rev12-core,0
444,armv7rev14-core,0
445,armv7rev2,0
446,armv7rev216-core,0
447,armv7rev22-core,0
448,armv7rev24-core,0
449,armv7rev34-core,0
450,armv7rev38-core,0
451,armv7rev42-core,0
452,armv7rev44-core,0
453,armv7rev5,0
454,armv7rev54-core,0
455,armv7rev94-core,0
456,armv8cortex-a534-core,0
457,armv8cortex-a574-core,0
458,armv8cortex-a576-core,0
459,armv8cortex-a578-core,0
460,armv8cortex-a72,0
461,armv8cortex-a7216-core,0
462,armv8cortex-a722-core,0
463,armv8cortex-a724-core,0
464,armv8cortex-a726-core,0
465,armv8cortex-a736-core,0
466,armv8cortex-a776-core,0
467,armv8neoverse-n12-core,0
468,armv8neoverse-n132-core,0
469,armv8neoverse-n14-core,0
470,armv8neoverse-n164-core,0
471,armv8neoverse-n18-core,0
472,armv8rev04-core,0
473,armv8rev06-core,0
474,armv8rev08-core,0
475,armv8rev14-core,0
476,armv8rev36-core,0
477,c-quadcorec4610,0
478,exynosarmv7rev04-core,0
479,exynosarmv7rev38-core,0
480,exynosarmv7rev42-core,0
481,gigabyteamdradeonr7370r9270x,0
482,intel0000,0
483,intel0000%25,0
484,intelatomc2550,0
485,intelatomc2750,0
486,intelatomc3338,0
487,intelatomc3558,0
488,intelatomc3950,0
489,intelatomd525,966
490,intelatome3815,967
491,intelatome3825,968
492,intelatome3845,971
493,intelatome3950,0
494,intelatomn2600,986
495,intelatomn280,988
496,intelatomn2800,989
497,intelatomn450,990
498,intelatomn570,995
499,intelatomx5-z8350,0
500,intelatomz3735f,0
501,intelceleron1007u,1031
502,intelceleron1037u,1035
503,intelceleron2955u,1049
504,intelceleron3205u,1053
505,intelceleron847,1064
506,intelceleronb830,1077
507,intelcelerong1101,1097
508,intelcelerong3930,1112
509,intelceleronj1900,0
510,intelceleronj3455,0
511,intelceleronj4105,0
512,intelceleronj4115,0
513,intelceleronm900mhz,0
514,intelceleronn2820,1134
515,intelceleronn2830,1135
516,intelceleronn2840,1136
517,intelceleronn2920,1138
518,intelceleronn3050,0
519,intelceleronn3060,0
520,intelceleronn3150,0
521,intelceleronn3160,0
522,intelceleronn4000,0
523,intelceleronn4020,0
524,intelcore26300,0
525,intelcore26400,0
526,intelcore2duoe4600,1145
527,intelcore2duoe6750,1154
528,intelcore2duoe7400,1158
529,intelcore2duoe7500,1159
530,intelcore2duoe8200,1162
531,intelcore2duoe8400,1164
532,intelcore2duoe8500,1165
533,intelcore2duoe8600,1166
534,intelcore2duop8400,0
535,intelcore2duop8600,0
536,intelcore2duop8700,0
537,intelcore2duop9xxx,0
538,intelcore2duot5250,0
539,intelcore2duot6600,0
540,intelcore2duot7100,1170
541,intelcore2duot7300,1173
542,intelcore2duot7500,1175
543,intelcore2duot7700,1178
544,intelcore2duot9500,0
545,intelcore2duot9600,0
546,intelcore2quad,0
547,intelcore2quadq6600,0
548,intelcore2quadq8200,1200
549,intelcore2quadq8300,1202
550,intelcore2quadq8400,1203
551,intelcore2quadq9300,1206
552,intelcore2quadq9400,1207
553,intelcore2quadq9450,1209
554,intelcore2quadq9500,0
555,intelcore2quadq9550,1210
556,intelcore2quadq9650,1212
557,intelcore2t5600,0
558,intelcore2t7200,0
559,intelcore870,0
560,intelcorei3-10110u,1236
561,intelcorei3-2100,1248
562,intelcorei3-2120,1253
563,intelcorei3-2365m,0
564,intelcorei3-3120m,1275
565,intelcorei3-3217u,1280
566,intelcorei3-3220t,1283
567,intelcorei3-4010u,1295
568,intelcorei3-4030u,0
569,intelcorei3-4130,1300
570,intelcorei3-4150,0
571,intelcorei3-4330te,0
572,intelcorei3-4370,1312
573,intelcorei3-5005u,1314
574,intelcorei3-5010u,1315
575,intelcorei3-6100,1321
576,intelcorei3-6100u,0
577,intelcorei3-6300,1322
578,intelcorei3-7020u,0
579,intelcorei3-7100,1324
580,intelcorei3-7350k,1333
581,intelcorei3-8100,1337
582,intelcorei3-8100t,1338
583,intelcorei3-8109u,1339
584,intelcorei3330m,0
585,intelcorei3350m,0
586,intelcorei3370m,0
587,intelcorei3380m,0
588,intelcorei3380u,0
589,intelcorei3540,0
590,intelcorei3550,0
591,intelcorei5-1135g7,1373
592,intelcorei5-11600k,1384
593,intelcorei5-2320,1389
594,intelcorei5-2400,1392
595,intelcorei5-2400s,1393
596,intelcorei5-2405s,1394
597,intelcorei5-2410m,1395
598,intelcorei5-2415m,1397
599,intelcorei5-2430m,1398
600,intelcorei5-2450m,1402
601,intelcorei5-2500k,1407
602,intelcorei5-2500s,1408
603,intelcorei5-2520m,1412
604,intelcorei5-2540m,1415
605,intelcorei5-3210m,1419
606,intelcorei5-3230m,1421
607,intelcorei5-3317u,1423
608,intelcorei5-3320m,1424
609,intelcorei5-3330,1426
610,intelcorei5-3330s,1427
611,intelcorei5-3380m,1437
612,intelcorei5-3427u,1439
613,intelcorei5-3470,1444
614,intelcorei5-3570,1450
615,intelcorei5-3570k,1451
616,intelcorei5-4200m,0
617,intelcorei5-4200u,1456
618,intelcorei5-4210u,1458
619,intelcorei5-4250u,1459
620,intelcorei5-4278u,0
621,intelcorei5-4300m,1462
622,intelcorei5-4300u,0
623,intelcorei5-4430,1466
624,intelcorei5-4440,1468
625,intelcorei5-4440s,1469
626,intelcorei5-4460,0
627,intelcorei5-4570,1471
628,intelcorei5-4570s,1473
629,intelcorei5-4570t,1474
630,intelcorei5-4590,1476
631,intelcorei5-4590t,0
632,intelcorei5-4670,1479
633,intelcorei5-4670k,1480
634,intelcorei5-4690,1484
635,intelcorei5-4690k,1485
636,intelcorei5-5200u,1487
637,intelcorei5-5300u,1491
638,intelcorei5-6200u,0
639,intelcorei5-6260u,0
640,intelcorei5-6300hq,0
641,intelcorei5-6500,1500
642,intelcorei5-6500t,0
643,intelcorei5-6600,1503
644,intelcorei5-6600k,1504
645,intelcorei5-7200u,0
646,intelcorei5-7260u,0
647,intelcorei5-7300u,0
648,intelcorei5-7500,1512
649,intelcorei5-7600k,1517
650,intelcorei5-8250u,1520
651,intelcorei5-8350u,1526
652,intelcorei5-8365ue,0
653,intelcorei5-8600,1535
654,intelcorei5460m,0
655,intelcorei5480m,0
656,intelcorei5520m,0
657,intelcorei5540m,0
658,intelcorei5650,0
659,intelcorei5750,0
660,intelcorei5760,0
661,intelcorei7,0
662,intelcorei7-10700,1554
663,intelcorei7-11370h,0
664,intelcorei7-1165g7,1566
665,intelcorei7-11700k,1569
666,intelcorei7-1185g7,1574
667,intelcorei7-2600,1576
668,intelcorei7-2600k,1577
669,intelcorei7-2620m,0
670,intelcorei7-2630qm,1579
671,intelcorei7-2670qm,1581
672,intelcorei7-2677m,0
673,intelcorei7-3517u,1596
674,intelcorei7-3520m,1598
675,intelcorei7-3540m,1602
676,intelcorei7-3610qm,1606
677,intelcorei7-3612qm,1608
678,intelcorei7-3630qm,1612
679,intelcorei7-3740qm,1621
680,intelcorei7-3770,1623
681,intelcorei7-3770k,1624
682,intelcorei7-3770s,1625
683,intelcorei7-3820,1627
684,intelcorei7-3930k,1634
685,intelcorei7-3960x,1636
686,intelcorei7-4500u,1638
687,intelcorei7-4558u,1640
688,intelcorei7-4600u,1642
689,intelcorei7-4700eq,1645
690,intelcorei7-4700hq,1647
691,intelcorei7-4700mq,1648
692,intelcorei7-4702mq,1650
693,intelcorei7-4710hq,1651
694,intelcorei7-4710mq,1652
695,intelcorei7-4712hq,1653
696,intelcorei7-4750hq,1655
697,intelcorei7-4770,1658
698,intelcorei7-4770k,1660
699,intelcorei7-4770r,1661
700,intelcorei7-4770s,1662
701,intelcorei7-4790,1666
702,intelcorei7-4790k,1667
703,intelcorei7-4800mq,1669
704,intelcorei7-4810mq,1670
705,intelcorei7-4870hq,1676
706,intelcorei7-4900mq,1677
707,intelcorei7-4930k,1679
708,intelcorei7-4960x,1684
709,intelcorei7-5500u,1686
710,intelcorei7-5557u,1688
711,intelcorei7-5600u,1689
712,intelcorei7-5775c,1691
713,intelcorei7-5820k,1692
714,intelcorei7-5930k,1693
715,intelcorei7-5960x,1694
716,intelcorei7-6700,1699
717,intelcorei7-6700hq,0
718,intelcorei7-6700k,1700
719,intelcorei7-6700t,1701
720,intelcorei7-6770hq,0
721,intelcorei7-6800k,1703
722,intelcorei7-6820hk,0
723,intelcorei7-6820hq,0
724,intelcorei7-6850k,1704
725,intelcorei7-6950x,1706
726,intelcorei7-7500u,0
727,intelcorei7-7567u,0
728,intelcorei7-7600u,0
729,intelcorei7-7700,1707
730,intelcorei7-7700hq,0
731,intelcorei7-7700k,1708
732,intelcorei7-7700t,1709
733,intelcorei7-7740k,0
734,intelcorei7-7800x,1711
735,intelcorei7-7820hq,0
736,intelcorei7-7820x,1712
737,intelcorei7-7900x,0
738,intelcorei7-8550u,1714
739,intelcorei7-8559u,1715
740,intelcorei7-8700k,1724
741,intelcorei7-8809g,1733
742,intelcorei7-9700k,1744
743,intelcorei7620m,0
744,intelcorei7720q,0
745,intelcorei7740q,0
746,intelcorei7860,0
747,intelcorei7870,0
748,intelcorei7920,0
749,intelcorei7930,0
750,intelcorei7950,0
751,intelcorei7960,0
752,intelcorei7980x,0
753,intelcorei7990x,0
754,intelcorei9-11900k,1771
755,intelcorei9-7900x,1777
756,intelcorei9-7920x,1778
757,intelcorei9-7940x,1779
758,intelcorei9-7960x,1780
759,intelcorei9-7980xe,1781
760,intelcorei9-8950hk,1782
761,intelcorei9-9820x,1783
762,intelcorem3-6y30,0
763,intelcorem3-7y30,0
764,intelpentium1403v2,0
765,intelpentium42.66ghz,0
766,intelpentium42.80ghz,0
767,intelpentium43.20ghz,0
768,intelpentiumb960,1942
769,intelpentiumd1517,0
770,intelpentiumd1519,0
771,intelpentiumd2.80ghz,0
772,intelpentiumd3.20ghz,0
773,intelpentiumduale2160,0
774,intelpentiumduale2180,0
775,intelpentiumduale2200,0
776,intelpentiumduale2220,0
777,intelpentiumdualt2370,0
778,intelpentiumdualt3200,0
779,intelpentiume5200,1971
780,intelpentiume5300,1972
781,intelpentiume5400,1973
782,intelpentiume5500,1974
783,intelpentiumg2030,0
784,intelpentiumg3220,1989
785,intelpentiumg3240,0
786,intelpentiumg3260,0
787,intelpentiumg4400,2001
788,intelpentiumg4560,2004
789,intelpentiumg4600,2006
790,intelpentiumg620,2009
791,intelpentiumg630,2012
792,intelpentiumg645,2017
793,intelpentiumn3540,0
794,intelpentiumn3700,0
795,intelpentiumn3710,0
796,intelpentiumn4200,0
797,intelpentiumsilverj5005,2075
798,intelpentiumsilverj5040,0
799,intelpentiumt4500,0
800,intelu7300,0
801,intelxeon5110,2105
802,intelxeond-1521,0
803,intelxeond-1527,0
804,intelxeond-2146nt,0
805,intelxeond-2191,0
806,intelxeone3-1220v2,2136
807,intelxeone3-1220v3,2137
808,intelxeone3-1220v5,0
809,intelxeone3-1225v3,2143
810,intelxeone3-1225v5,0
811,intelxeone3-1225v6,0
812,intelxeone3-1230v2,2145
813,intelxeone3-1230v3,2146
814,intelxeone3-1230v5,0
815,intelxeone3-1231v3,0
816,intelxeone3-1235lv5,0
817,intelxeone3-1240v2,2150
818,intelxeone3-1240v3,2151
819,intelxeone3-1245v5,0
820,intelxeone3-1246v3,0
821,intelxeone3-1260lv5,0
822,intelxeone3-1270v2,2159
823,intelxeone3-1270v3,2160
824,intelxeone3-1270v5,0
825,intelxeone3-1271v3,0
826,intelxeone3-1275lv3,0
827,intelxeone3-1275v5,0
828,intelxeone3-1275v6,0
829,intelxeone3-1276v3,0
830,intelxeone3-1280v5,2167
831,intelxeone3-1505mv5,0
832,intelxeone31220,0
833,intelxeone31230,0
834,intelxeone31245,0
835,intelxeone312xx,0
836,intelxeone5-1603v3,0
837,intelxeone5-16200,0
838,intelxeone5-1620v3,0
839,intelxeone5-1650v2,2179
840,intelxeone5-1650v3,0
841,intelxeone5-1650v4,0
842,intelxeone5-1680v3,0
843,intelxeone5-2450l0,0
844,intelxeone5-26090,0
845,intelxeone5-2609v4,0
846,intelxeone5-26200,0
847,intelxeone5-2620v3,0
848,intelxeone5-26300,0
849,intelxeone5-2630l0,0
850,intelxeone5-2630lv2,2210
851,intelxeone5-2630v2,2208
852,intelxeone5-26400,0
853,intelxeone5-2640v4,0
854,intelxeone5-2643v2,2216
855,intelxeone5-26500,0
856,intelxeone5-2650v3,0
857,intelxeone5-2660v2,2224
858,intelxeone5-2667v3,0
859,intelxeone5-2667v4,0
860,intelxeone5-26700,0
861,intelxeone5-2680v2,2231
862,intelxeone5-2680v3,0
863,intelxeone5-2680v4,0
864,intelxeone5-2687wv3,0
865,intelxeone5-26900,0
866,intelxeone5-2690v2,2235
867,intelxeone5-2690v4,0
868,intelxeone5-2697v2,2238
869,intelxeone5310,0
870,intelxeone5410,0
871,intelxeone5420,0
872,intelxeone5450,0
873,intelxeone5504,2249
874,intelxeone5620,2258
875,intelxeone5645,2261
876,intelxeone5649,2262
877,intelxeongold5215,0
878,intelxeongold6136,0
879,intelxeongold6138,0
880,intelxeongold6210u,0
881,intelxeongold6212u,0
882,intelxeongold6238,0
883,intelxeongold6238r,0
884,intelxeongold6248,0
885,intelxeongold6250,0
886,intelxeonl5630,2311
887,intelxeonplatinum8124m,0
888,intelxeonplatinum8163,0
889,intelxeonplatinum8259cl,0
890,intelxeonplatinum8380,2384
891,intelxeonsilver4108,0
892,intelxeonsilver4210,0
893,intelxeonw-2133,0
894,intelxeonw-2155,0
895,intelxeonw-2295,0
896,intelxeonw-3175x,2400
897,intelxeonw3520,2408
898,intelxeonw3530,2409
899,intelxeonw3565,2412
900,intelxeonw3690,2417
901,intelxeonx3430,0
902,intelxeonx3440,0
903,intelxeonx3450,0
904,intelxeonx3460,0
905,intelxeonx3470,0
906,intelxeonx5550,2420
907,intelxeonx5650,2424
908,intelxeonx5660,2425
909,intelxeonx5670,2427
910,intelxeonx5675,2429
911,intelxeonx5677,2430
912,intelxeonx5687,2432
913,intelxeonx5690,2433
914,mobileamdsempron3500,0
915,nvidiagp102,0
916,power8,0
917,power8e,0
918,power94-core,0
919,power944-core,0
920,power98-core,0
921,power980-core,0
922,power9altivecsupported44-core,0
923,power9altivecsupported64-core,0
924,zhaoxinkaixiankx-u6780a,0
