,0
0,pts-git
1,pts-hpl
2,pts-toybrot
3,pts-php
4,pts-smallpt
5,system-openscad
6,pts-pts-self-test
7,pts-arrayfire
8,pts-lulesh
9,pts-dirt-rally
10,pts-onnx
11,pts-java-scimark2
12,pts-renaissance
13,pts-libgav1
14,pts-rbenchmark
15,pts-daphne
16,pts-geekbench
17,pts-ddnet
18,pts-srslte
19,pts-plaidml
20,pts-open-porous-media
21,pts-unpack-firefox
22,pts-mandelgpu
23,pts-gnupg
24,pts-aircrack-ng
25,pts-build-imagemagick
26,pts-ffte
27,pts-build-godot
28,pts-blake2
29,pts-cryptopp
30,system-gmic
31,pts-aom-av1
32,pts-askap
33,pts-neatbench
34,pts-node-octane
35,system-gegl
36,pts-himeno
37,pts-mencoder
38,pts-etqw-demo
39,pts-trislam
40,pts-kvazaar
41,pts-system-decompress-gzip
42,pts-nwchem
43,pts-openfoam
44,pts-java-gradle-perf
45,pts-caffe
46,system-mpv
47,pts-mixbench
48,pts-batman-origins
49,pts-quantlib
50,pts-dow3
51,pts-neat
52,pts-xmrig
53,pts-mkl-dnn
54,pts-core-latency
55,pts-mpcbench
56,pts-avifenc
57,pts-metroll-redux
58,pts-ctx-clock
59,pts-dirt-showdown
60,pts-ttsiod-renderer
61,pts-blogbench
62,pts-helsing
63,pts-dolfyn
64,pts-mnn
65,pts-namd
66,pts-pennant
67,pts-ior
68,pts-deus-exmd
69,pts-tensorflow
70,pts-portal
71,pts-polyhedron
72,system-rsvg
73,pts-encode-flac
74,pts-rodinia
75,pts-securemark
76,pts-waifu2x-ncnn
77,pts-basis
78,pts-libraw
79,pts-l4d2
80,pts-postmark
81,pts-etlegacy
82,pts-sqlite-speedtest
83,pts-pybench
84,pts-jpegxl-decode
85,pts-appleseed
86,pts-sunflow
87,pts-octanebench
88,pts-apache
89,pts-tesseract
90,pts-xonotic
91,pts-vosk
92,pts-phpbench
93,pts-mt-dgemm
94,pts-civilization-vi
95,pts-unpack-linux
96,pts-dota2
97,system-inkscape
98,pts-f12018
99,pts-srsran
100,system-openssl
101,pts-webp
102,pts-compress-rar
103,pts-c-ray
104,pts-aobench
105,pts-j2dbench
106,pts-cloudsuite-ga
107,pts-redis
108,pts-build-gcc
109,pts-luxcorerender
110,pts-mrbayes
111,pts-geexlab-rt
112,pts-vkfft
113,windows-winsat
114,pts-luajit
115,pts-f12020
116,pts-leveldb
117,pts-kripke
118,pts-tomb-raider
119,pts-mocassin
120,pts-cpp-perf-bench
121,pts-dacapobench
122,pts-stockfish
123,pts-talos-principle
124,pts-espeak
125,pts-v-ray
126,pts-asmfish
127,pts-mbw
128,pts-incompact3d
129,pts-cachebench
130,pts-compress-lz4
131,pts-hpcc
132,pts-scikit-learn
133,pts-unvanquished
134,pts-oidn
135,pts-memtier-benchmark
136,pts-primesieve
137,pts-build-apache
138,pts-montage
139,pts-svt-av1
140,pts-node-express-loadtest
141,pts-onednn
142,pts-cstrike
143,pts-stream-dynamic
144,pts-x265
145,pts-build2
146,pts-cl-mem
147,pts-coremark
148,pts-viennacl
149,pts-build-gdb
150,pts-compress-xz
151,pts-node-web-tooling
152,pts-dav1d
153,pts-batman-knight
154,pts-libplacebo
155,pts-ncnn
156,pts-qgears2
157,pts-opencv
158,pts-blosc
159,pts-ramspeed
160,pts-shoc
161,pts-couchdb
162,pts-system-decompress-xz
163,pts-openvkl
164,pts-cinebench
165,pts-cython-bench
166,pts-ffmpeg
167,system-compress-pbzip2
168,pts-stress-ng
169,pts-yquake2
170,system-tesseract-ocr
171,pts-fio
172,pts-opencv-bench
173,pts-hbase
174,pts-ai-benchmark
175,pts-twtk
176,pts-keydb
177,pts-botan
178,pts-ecp-candle
179,pts-n-queens
180,pts-stream
181,pts-qmlbench
182,pts-intel-mpi
183,system-selenium-top-sites
184,pts-mysqlslap
185,pts-f12017
186,pts-build-wasmer
187,pts-mafft
188,pts-hitman2
189,pts-fahbench
190,pts-qmcpack
191,pts-unigine-sanctuary
192,pts-scimark2
193,pts-nero2d
194,pts-unigine-heaven
195,windows-openssl
196,pts-tww2
197,windows-euler3d
198,pts-specviewperf9
199,pts-cloudsuite-ws
200,pts-amg
201,pts-clpeak
202,pts-build-ffmpeg
203,pts-synthmark
204,pts-supertuxkart
205,pts-fs-mark
206,pts-iperf
207,pts-mandelbulbgpu
208,windows-passmark
209,pts-redshift
210,pts-gravitymark
211,pts-pjsip
212,pts-unigine-tropics
213,windows-pcmark10
214,pts-compilebench
215,pts-draco
216,pts-sqlite
217,pts-ospray
218,pts-ebizzy
219,pts-et
220,pts-unigine-valley
221,pts-build-php
222,pts-rav1e
223,system-hugin
224,pts-svt-vp9
225,pts-ngc-tensorflow
226,pts-x264
227,pts-sysbench
228,pts-namd-cuda
229,pts-intel-mlc
230,pts-ut2004-demo
231,pts-vpxenc
232,pts-influxdb
233,pts-prey
234,pts-apache-siege
235,pts-deepspeech
236,pts-chia-vdf
237,pts-astcenc
238,pts-glibc-bench
239,pts-tensorflow-lite
240,pts-jpegxl
241,pts-pgbench
242,pts-comd-cl
243,pts-hpcg
244,pts-mlpack
245,pts-xsbench
246,system-rawtherapee
247,pts-madmax
248,pts-blender
249,pts-vkmark
250,pts-hmmer
251,pts-luaradio
252,pts-ss3bfe
253,pts-portal2
254,pts-minion
255,pts-hashcat
256,pts-ipc-benchmark
257,windows-apptimer
258,pts-byte
259,pts-webp2
260,pts-compress-7zip
261,pts-compress-pbzip2
262,pts-rays1bench
263,pts-john-the-ripper
264,pts-urbanterror
265,pts-ethr
266,pts-numenta-nab
267,pts-graphics-magick
268,pts-unigine-super
269,pts-hackbench
270,pts-hitman
271,pts-encode-mp3
272,pts-gmpbench
273,pts-go-benchmark
274,pts-etcpak
275,pts-gputest
276,system-opm
277,pts-rust-prime
278,pts-radiance
279,windows-diskspd
280,pts-build-eigen
281,pts-compress-gzip
282,pts-embree
283,system-blender
284,pts-brl-cad
285,pts-warsow
286,pts-wrf
287,pts-glmark2
288,pts-openarena
289,pts-rtiv
290,system-libreoffice
291,system-wireguard
292,pts-svt-hevc
293,pts-lzbench
294,pts-luxmark
295,pts-tiobench
296,pts-system-decompress-bzip2
297,pts-realsr-ncnn
298,pts-toktx
299,pts-polybench-c
300,pts-jxrendermark
301,pts-qe
302,system-ocrmypdf
303,pts-rust-mandel
304,pts-juliagpu
305,pts-ue4-matinee
306,pts-gpaw
307,pts-fhourstones
308,pts-systemd-boot-total
309,pts-cuda-mini-nbody
310,pts-natron
311,windows-hdtunepro
312,pts-sudokut
313,pts-paraview
314,pts-java-jmh
315,system-octave-benchmark
316,pts-openssl
317,pts-hint
318,pts-cassandra
319,pts-lczero
320,pts-liquid-dsp
321,pts-perl-benchmark
322,pts-build-clash
323,pts-tjbench
324,pts-financebench
325,pts-numpy
326,pts-gromacs
327,pts-nettle
328,pts-reaction
329,pts-system-libxml2
330,system-gnuradio
331,pts-dirt-rally2
332,pts-strange-brigade
333,pts-crafty
334,system-compress-zstd
335,pts-build-mplayer
336,pts-csgo
337,pts-build-nodejs
338,system-ethminer
339,pts-compress-zstd
340,pts-relion
341,pts-spec-jbb2015
342,pts-mutex
343,system-selenium
344,pts-riseofthetombraider
345,pts-y-cruncher
346,pts-povray
347,pts-thronesofbritannia
348,pts-m-queens
349,pts-clomp
350,pts-build-llvm
351,pts-tinymembench
352,pts-shadowofthetombraider
353,pts-bioshock-infinite
354,pts-minife
355,pts-tachyon
356,pts-bullet
357,pts-fftw
358,pts-ngspice
359,pts-bork
360,pts-nginx
361,pts-vkresample
362,pts-tnn
363,pts-pyperformance
364,pts-simdjson
365,pts-openvino
366,pts-lammps
367,pts-npb
368,system-gnupg
369,pts-multichase
370,pts-cloverleaf
371,pts-novabench
372,pts-build-erlang
373,pts-tungsten
374,pts-network-loopback
375,pts-build-linux-kernel
376,pts-x11perf
377,pts-swet
378,pts-tscp
379,windows-redis
380,pts-build-mesa
381,pts-yafaray
382,pts-rnnoise
383,pts-indigobench
384,pts-cp2k
385,pts-t-test1
386,pts-vkpeak
387,pts-cpuminer-opt
388,pts-hdparm-read
389,pts-optcarrot
390,pts-betsy
391,pts-rocksdb
392,pts-f12015
393,pts-smhasher
